-- phpMyAdmin SQL Dump
-- version 5.2.0
-- https://www.phpmyadmin.net/
--
-- Host: localhost:3306
-- Generation Time: Sep 01, 2024 at 09:33 PM
-- Server version: 8.0.30
-- PHP Version: 8.1.10

SET SQL_MODE = "NO_AUTO_VALUE_ON_ZERO";
START TRANSACTION;
SET time_zone = "+00:00";


/*!40101 SET @OLD_CHARACTER_SET_CLIENT=@@CHARACTER_SET_CLIENT */;
/*!40101 SET @OLD_CHARACTER_SET_RESULTS=@@CHARACTER_SET_RESULTS */;
/*!40101 SET @OLD_COLLATION_CONNECTION=@@COLLATION_CONNECTION */;
/*!40101 SET NAMES utf8mb4 */;

--
-- Database: `_coding_challenge`
--

-- --------------------------------------------------------

--
-- Table structure for table `connections`
--

CREATE TABLE `connections` (
  `id` bigint UNSIGNED NOT NULL,
  `user_id` bigint UNSIGNED NOT NULL,
  `connected_user_id` bigint UNSIGNED NOT NULL,
  `status` enum('pending','accepted','withdrawn','declined') COLLATE utf8mb4_unicode_ci NOT NULL DEFAULT 'pending',
  `created_at` timestamp NULL DEFAULT NULL,
  `updated_at` timestamp NULL DEFAULT NULL
) ENGINE=InnoDB DEFAULT CHARSET=utf8mb4 COLLATE=utf8mb4_unicode_ci;

--
-- Dumping data for table `connections`
--

INSERT INTO `connections` (`id`, `user_id`, `connected_user_id`, `status`, `created_at`, `updated_at`) VALUES
(2, 1, 11, 'accepted', '2024-08-31 14:53:44', '2024-08-31 14:53:44'),
(4, 2, 1, 'accepted', '2024-08-31 14:53:44', '2024-08-31 14:53:44'),
(5, 2, 7, 'pending', '2024-08-31 14:53:44', '2024-08-31 14:53:44'),
(6, 2, 10, 'pending', '2024-08-31 14:53:44', '2024-08-31 14:53:44'),
(7, 3, 8, 'pending', '2024-08-31 14:53:44', '2024-08-31 14:53:44'),
(8, 3, 1, 'accepted', '2024-08-31 14:53:44', '2024-08-31 17:43:07'),
(9, 3, 5, 'pending', '2024-08-31 14:53:44', '2024-08-31 14:53:44'),
(10, 4, 7, 'pending', '2024-08-31 14:53:44', '2024-08-31 14:53:44'),
(11, 4, 1, 'accepted', '2024-08-31 14:53:44', '2024-08-31 17:45:34'),
(12, 4, 3, 'pending', '2024-08-31 14:53:44', '2024-08-31 14:53:44'),
(13, 5, 11, 'pending', '2024-08-31 14:53:44', '2024-08-31 14:53:44'),
(14, 5, 9, 'pending', '2024-08-31 14:53:44', '2024-08-31 14:53:44'),
(15, 5, 6, 'pending', '2024-08-31 14:53:44', '2024-08-31 14:53:44'),
(16, 6, 1, 'pending', '2024-08-31 14:53:44', '2024-08-31 14:53:44'),
(17, 6, 2, 'pending', '2024-08-31 14:53:44', '2024-08-31 14:53:44'),
(18, 6, 3, 'pending', '2024-08-31 14:53:44', '2024-08-31 14:53:44'),
(19, 7, 11, 'pending', '2024-08-31 14:53:44', '2024-08-31 14:53:44'),
(20, 7, 4, 'pending', '2024-08-31 14:53:44', '2024-08-31 14:53:44'),
(21, 7, 6, 'pending', '2024-08-31 14:53:44', '2024-08-31 14:53:44'),
(22, 8, 11, 'pending', '2024-08-31 14:53:44', '2024-08-31 14:53:44'),
(23, 8, 1, 'pending', '2024-08-31 14:53:44', '2024-08-31 14:53:44'),
(24, 8, 4, 'pending', '2024-08-31 14:53:44', '2024-08-31 14:53:44'),
(25, 9, 4, 'pending', '2024-08-31 14:53:44', '2024-08-31 14:53:44'),
(26, 9, 6, 'pending', '2024-08-31 14:53:44', '2024-08-31 14:53:44'),
(27, 9, 5, 'pending', '2024-08-31 14:53:44', '2024-08-31 14:53:44'),
(28, 10, 9, 'pending', '2024-08-31 14:53:44', '2024-08-31 14:53:44'),
(29, 10, 5, 'pending', '2024-08-31 14:53:44', '2024-08-31 14:53:44'),
(30, 10, 1, 'pending', '2024-08-31 14:53:44', '2024-08-31 14:53:44'),
(31, 11, 5, 'pending', '2024-08-31 14:53:44', '2024-08-31 14:53:44'),
(32, 11, 3, 'pending', '2024-08-31 14:53:44', '2024-08-31 14:53:44'),
(33, 11, 2, 'pending', '2024-08-31 14:53:44', '2024-08-31 14:53:44'),
(34, 1, 8, 'accepted', '2024-08-31 14:53:44', '2024-08-31 14:53:44'),
(35, 1, 3, 'accepted', '2024-08-31 14:53:44', '2024-08-31 14:53:44'),
(36, 2, 5, 'accepted', '2024-08-31 14:53:44', '2024-08-31 14:53:44'),
(37, 2, 9, 'accepted', '2024-08-31 14:53:44', '2024-08-31 14:53:44'),
(38, 3, 6, 'accepted', '2024-08-31 14:53:44', '2024-08-31 14:53:44'),
(39, 3, 4, 'accepted', '2024-08-31 14:53:44', '2024-08-31 14:53:44'),
(40, 4, 8, 'accepted', '2024-08-31 14:53:44', '2024-08-31 14:53:44'),
(41, 4, 3, 'accepted', '2024-08-31 14:53:44', '2024-08-31 14:53:44'),
(42, 5, 7, 'accepted', '2024-08-31 14:53:44', '2024-08-31 14:53:44'),
(43, 5, 1, 'accepted', '2024-08-31 14:53:44', '2024-08-31 14:53:44'),
(44, 6, 9, 'accepted', '2024-08-31 14:53:44', '2024-08-31 14:53:44'),
(45, 6, 7, 'accepted', '2024-08-31 14:53:44', '2024-08-31 14:53:44'),
(46, 7, 6, 'accepted', '2024-08-31 14:53:44', '2024-08-31 14:53:44'),
(47, 7, 8, 'accepted', '2024-08-31 14:53:44', '2024-08-31 14:53:44'),
(48, 8, 4, 'accepted', '2024-08-31 14:53:44', '2024-08-31 14:53:44'),
(49, 8, 10, 'accepted', '2024-08-31 14:53:44', '2024-08-31 14:53:44'),
(50, 9, 2, 'accepted', '2024-08-31 14:53:44', '2024-08-31 14:53:44'),
(51, 9, 10, 'accepted', '2024-08-31 14:53:44', '2024-08-31 14:53:44'),
(52, 10, 1, 'accepted', '2024-08-31 14:53:44', '2024-08-31 14:53:44'),
(53, 10, 6, 'accepted', '2024-08-31 14:53:44', '2024-08-31 14:53:44'),
(54, 11, 8, 'accepted', '2024-08-31 14:53:44', '2024-08-31 14:53:44'),
(55, 11, 9, 'accepted', '2024-08-31 14:53:44', '2024-08-31 14:53:44'),
(58, 1, 9, 'pending', '2024-08-31 15:55:56', '2024-08-31 15:55:56'),
(59, 1, 12, 'pending', '2024-08-31 15:56:53', '2024-08-31 15:56:53'),
(60, 1, 13, 'pending', '2024-08-31 17:37:00', '2024-08-31 17:37:00'),
(61, 1, 47, 'pending', '2024-09-01 13:31:51', '2024-09-01 13:31:51'),
(62, 1, 32, 'pending', '2024-09-01 13:31:51', '2024-09-01 13:31:51'),
(63, 1, 40, 'pending', '2024-09-01 13:31:51', '2024-09-01 13:31:51'),
(64, 2, 37, 'pending', '2024-09-01 13:31:51', '2024-09-01 13:31:51'),
(65, 2, 5, 'pending', '2024-09-01 13:31:51', '2024-09-01 13:31:51'),
(66, 2, 27, 'pending', '2024-09-01 13:31:51', '2024-09-01 13:31:51'),
(67, 3, 11, 'pending', '2024-09-01 13:31:51', '2024-09-01 13:31:51'),
(68, 3, 40, 'pending', '2024-09-01 13:31:51', '2024-09-01 13:31:51'),
(69, 3, 32, 'pending', '2024-09-01 13:31:51', '2024-09-01 13:31:51'),
(70, 4, 45, 'pending', '2024-09-01 13:31:51', '2024-09-01 13:31:51'),
(71, 4, 33, 'pending', '2024-09-01 13:31:51', '2024-09-01 13:31:51'),
(72, 4, 36, 'pending', '2024-09-01 13:31:51', '2024-09-01 13:31:51'),
(73, 5, 18, 'pending', '2024-09-01 13:31:51', '2024-09-01 13:31:51'),
(74, 5, 32, 'pending', '2024-09-01 13:31:51', '2024-09-01 13:31:51'),
(75, 5, 50, 'pending', '2024-09-01 13:31:51', '2024-09-01 13:31:51'),
(76, 6, 37, 'pending', '2024-09-01 13:31:51', '2024-09-01 13:31:51'),
(77, 6, 48, 'pending', '2024-09-01 13:31:51', '2024-09-01 13:31:51'),
(78, 6, 8, 'pending', '2024-09-01 13:31:51', '2024-09-01 13:31:51'),
(79, 7, 32, 'pending', '2024-09-01 13:31:51', '2024-09-01 13:31:51'),
(80, 7, 26, 'pending', '2024-09-01 13:31:51', '2024-09-01 13:31:51'),
(81, 7, 16, 'pending', '2024-09-01 13:31:51', '2024-09-01 13:31:51'),
(82, 8, 32, 'pending', '2024-09-01 13:31:51', '2024-09-01 13:31:51'),
(83, 8, 26, 'pending', '2024-09-01 13:31:51', '2024-09-01 13:31:51'),
(84, 8, 34, 'pending', '2024-09-01 13:31:51', '2024-09-01 13:31:51'),
(85, 9, 1, 'pending', '2024-09-01 13:31:51', '2024-09-01 13:31:51'),
(86, 9, 32, 'pending', '2024-09-01 13:31:51', '2024-09-01 13:31:51'),
(87, 9, 38, 'pending', '2024-09-01 13:31:51', '2024-09-01 13:31:51'),
(88, 10, 2, 'pending', '2024-09-01 13:31:51', '2024-09-01 13:31:51'),
(89, 10, 7, 'pending', '2024-09-01 13:31:51', '2024-09-01 13:31:51'),
(90, 10, 47, 'pending', '2024-09-01 13:31:51', '2024-09-01 13:31:51'),
(91, 11, 24, 'pending', '2024-09-01 13:31:51', '2024-09-01 13:31:51'),
(92, 11, 46, 'pending', '2024-09-01 13:31:51', '2024-09-01 13:31:51'),
(93, 11, 8, 'pending', '2024-09-01 13:31:51', '2024-09-01 13:31:51'),
(94, 12, 34, 'pending', '2024-09-01 13:31:51', '2024-09-01 13:31:51'),
(95, 12, 24, 'pending', '2024-09-01 13:31:51', '2024-09-01 13:31:51'),
(96, 12, 18, 'pending', '2024-09-01 13:31:51', '2024-09-01 13:31:51'),
(97, 13, 30, 'pending', '2024-09-01 13:31:51', '2024-09-01 13:31:51'),
(98, 13, 32, 'pending', '2024-09-01 13:31:51', '2024-09-01 13:31:51'),
(99, 13, 12, 'pending', '2024-09-01 13:31:51', '2024-09-01 13:31:51'),
(100, 14, 12, 'pending', '2024-09-01 13:31:51', '2024-09-01 13:31:51'),
(101, 14, 23, 'pending', '2024-09-01 13:31:51', '2024-09-01 13:31:51'),
(102, 14, 46, 'pending', '2024-09-01 13:31:51', '2024-09-01 13:31:51'),
(103, 15, 49, 'pending', '2024-09-01 13:31:51', '2024-09-01 13:31:51'),
(104, 15, 10, 'pending', '2024-09-01 13:31:51', '2024-09-01 13:31:51'),
(105, 15, 25, 'pending', '2024-09-01 13:31:51', '2024-09-01 13:31:51'),
(106, 16, 44, 'pending', '2024-09-01 13:31:51', '2024-09-01 13:31:51'),
(107, 16, 31, 'pending', '2024-09-01 13:31:51', '2024-09-01 13:31:51'),
(108, 16, 2, 'pending', '2024-09-01 13:31:51', '2024-09-01 13:31:51'),
(109, 17, 22, 'pending', '2024-09-01 13:31:51', '2024-09-01 13:31:51'),
(110, 17, 44, 'pending', '2024-09-01 13:31:51', '2024-09-01 13:31:51'),
(111, 17, 28, 'pending', '2024-09-01 13:31:51', '2024-09-01 13:31:51'),
(112, 18, 19, 'pending', '2024-09-01 13:31:51', '2024-09-01 13:31:51'),
(113, 18, 5, 'pending', '2024-09-01 13:31:51', '2024-09-01 13:31:51'),
(114, 18, 25, 'pending', '2024-09-01 13:31:51', '2024-09-01 13:31:51'),
(115, 19, 6, 'pending', '2024-09-01 13:31:51', '2024-09-01 13:31:51'),
(116, 19, 2, 'pending', '2024-09-01 13:31:51', '2024-09-01 13:31:51'),
(117, 19, 3, 'pending', '2024-09-01 13:31:51', '2024-09-01 13:31:51'),
(118, 20, 39, 'pending', '2024-09-01 13:31:51', '2024-09-01 13:31:51'),
(119, 20, 34, 'pending', '2024-09-01 13:31:52', '2024-09-01 13:31:52'),
(120, 20, 29, 'pending', '2024-09-01 13:31:52', '2024-09-01 13:31:52'),
(121, 21, 18, 'pending', '2024-09-01 13:31:52', '2024-09-01 13:31:52'),
(122, 21, 6, 'pending', '2024-09-01 13:31:52', '2024-09-01 13:31:52'),
(123, 21, 45, 'pending', '2024-09-01 13:31:52', '2024-09-01 13:31:52'),
(124, 22, 7, 'pending', '2024-09-01 13:31:52', '2024-09-01 13:31:52'),
(125, 22, 40, 'pending', '2024-09-01 13:31:52', '2024-09-01 13:31:52'),
(126, 22, 5, 'pending', '2024-09-01 13:31:52', '2024-09-01 13:31:52'),
(127, 23, 24, 'pending', '2024-09-01 13:31:52', '2024-09-01 13:31:52'),
(128, 23, 3, 'pending', '2024-09-01 13:31:52', '2024-09-01 13:31:52'),
(129, 23, 1, 'pending', '2024-09-01 13:31:52', '2024-09-01 13:31:52'),
(130, 24, 27, 'pending', '2024-09-01 13:31:52', '2024-09-01 13:31:52'),
(131, 24, 50, 'pending', '2024-09-01 13:31:52', '2024-09-01 13:31:52'),
(132, 24, 1, 'pending', '2024-09-01 13:31:52', '2024-09-01 13:31:52'),
(133, 25, 10, 'pending', '2024-09-01 13:31:52', '2024-09-01 13:31:52'),
(134, 25, 36, 'pending', '2024-09-01 13:31:52', '2024-09-01 13:31:52'),
(135, 25, 6, 'pending', '2024-09-01 13:31:52', '2024-09-01 13:31:52'),
(136, 26, 8, 'pending', '2024-09-01 13:31:52', '2024-09-01 13:31:52'),
(137, 26, 9, 'pending', '2024-09-01 13:31:52', '2024-09-01 13:31:52'),
(138, 26, 10, 'pending', '2024-09-01 13:31:52', '2024-09-01 13:31:52'),
(139, 27, 5, 'pending', '2024-09-01 13:31:52', '2024-09-01 13:31:52'),
(140, 27, 35, 'pending', '2024-09-01 13:31:52', '2024-09-01 13:31:52'),
(141, 27, 43, 'pending', '2024-09-01 13:31:52', '2024-09-01 13:31:52'),
(142, 28, 38, 'pending', '2024-09-01 13:31:52', '2024-09-01 13:31:52'),
(143, 28, 13, 'pending', '2024-09-01 13:31:52', '2024-09-01 13:31:52'),
(144, 28, 39, 'pending', '2024-09-01 13:31:52', '2024-09-01 13:31:52'),
(145, 29, 4, 'pending', '2024-09-01 13:31:52', '2024-09-01 13:31:52'),
(146, 29, 8, 'pending', '2024-09-01 13:31:52', '2024-09-01 13:31:52'),
(147, 29, 38, 'pending', '2024-09-01 13:31:52', '2024-09-01 13:31:52'),
(148, 30, 21, 'pending', '2024-09-01 13:31:52', '2024-09-01 13:31:52'),
(149, 30, 16, 'pending', '2024-09-01 13:31:52', '2024-09-01 13:31:52'),
(150, 30, 34, 'pending', '2024-09-01 13:31:52', '2024-09-01 13:31:52'),
(151, 31, 37, 'pending', '2024-09-01 13:31:52', '2024-09-01 13:31:52'),
(152, 31, 25, 'pending', '2024-09-01 13:31:52', '2024-09-01 13:31:52'),
(153, 31, 2, 'pending', '2024-09-01 13:31:52', '2024-09-01 13:31:52'),
(154, 32, 8, 'pending', '2024-09-01 13:31:52', '2024-09-01 13:31:52'),
(155, 32, 48, 'pending', '2024-09-01 13:31:52', '2024-09-01 13:31:52'),
(156, 32, 46, 'pending', '2024-09-01 13:31:52', '2024-09-01 13:31:52'),
(157, 33, 45, 'pending', '2024-09-01 13:31:52', '2024-09-01 13:31:52'),
(158, 33, 24, 'pending', '2024-09-01 13:31:52', '2024-09-01 13:31:52'),
(159, 33, 36, 'pending', '2024-09-01 13:31:52', '2024-09-01 13:31:52'),
(160, 34, 44, 'pending', '2024-09-01 13:31:52', '2024-09-01 13:31:52'),
(161, 34, 14, 'pending', '2024-09-01 13:31:52', '2024-09-01 13:31:52'),
(162, 34, 38, 'pending', '2024-09-01 13:31:52', '2024-09-01 13:31:52'),
(163, 35, 41, 'pending', '2024-09-01 13:31:52', '2024-09-01 13:31:52'),
(164, 35, 4, 'pending', '2024-09-01 13:31:52', '2024-09-01 13:31:52'),
(165, 35, 14, 'pending', '2024-09-01 13:31:52', '2024-09-01 13:31:52'),
(166, 36, 14, 'pending', '2024-09-01 13:31:52', '2024-09-01 13:31:52'),
(167, 36, 12, 'pending', '2024-09-01 13:31:52', '2024-09-01 13:31:52'),
(168, 36, 23, 'pending', '2024-09-01 13:31:52', '2024-09-01 13:31:52'),
(169, 37, 8, 'pending', '2024-09-01 13:31:52', '2024-09-01 13:31:52'),
(170, 37, 42, 'pending', '2024-09-01 13:31:52', '2024-09-01 13:31:52'),
(171, 37, 13, 'pending', '2024-09-01 13:31:52', '2024-09-01 13:31:52'),
(172, 38, 17, 'pending', '2024-09-01 13:31:52', '2024-09-01 13:31:52'),
(173, 38, 25, 'pending', '2024-09-01 13:31:52', '2024-09-01 13:31:52'),
(174, 38, 47, 'pending', '2024-09-01 13:31:52', '2024-09-01 13:31:52'),
(175, 39, 29, 'pending', '2024-09-01 13:31:52', '2024-09-01 13:31:52'),
(176, 39, 19, 'pending', '2024-09-01 13:31:52', '2024-09-01 13:31:52'),
(177, 39, 3, 'pending', '2024-09-01 13:31:52', '2024-09-01 13:31:52'),
(178, 40, 39, 'pending', '2024-09-01 13:31:52', '2024-09-01 13:31:52'),
(179, 40, 4, 'pending', '2024-09-01 13:31:52', '2024-09-01 13:31:52'),
(180, 40, 37, 'pending', '2024-09-01 13:31:52', '2024-09-01 13:31:52'),
(181, 41, 20, 'pending', '2024-09-01 13:31:52', '2024-09-01 13:31:52'),
(182, 41, 32, 'pending', '2024-09-01 13:31:52', '2024-09-01 13:31:52'),
(183, 41, 26, 'pending', '2024-09-01 13:31:52', '2024-09-01 13:31:52'),
(184, 42, 25, 'pending', '2024-09-01 13:31:52', '2024-09-01 13:31:52'),
(185, 42, 35, 'pending', '2024-09-01 13:31:52', '2024-09-01 13:31:52'),
(186, 42, 6, 'pending', '2024-09-01 13:31:52', '2024-09-01 13:31:52'),
(187, 43, 35, 'pending', '2024-09-01 13:31:52', '2024-09-01 13:31:52'),
(188, 43, 11, 'pending', '2024-09-01 13:31:52', '2024-09-01 13:31:52'),
(189, 43, 22, 'pending', '2024-09-01 13:31:52', '2024-09-01 13:31:52'),
(190, 44, 15, 'pending', '2024-09-01 13:31:52', '2024-09-01 13:31:52'),
(191, 44, 43, 'pending', '2024-09-01 13:31:52', '2024-09-01 13:31:52'),
(192, 44, 50, 'pending', '2024-09-01 13:31:52', '2024-09-01 13:31:52'),
(193, 45, 14, 'pending', '2024-09-01 13:31:52', '2024-09-01 13:31:52'),
(194, 45, 17, 'pending', '2024-09-01 13:31:52', '2024-09-01 13:31:52'),
(195, 45, 30, 'pending', '2024-09-01 13:31:52', '2024-09-01 13:31:52'),
(196, 46, 34, 'pending', '2024-09-01 13:31:52', '2024-09-01 13:31:52'),
(197, 46, 22, 'pending', '2024-09-01 13:31:52', '2024-09-01 13:31:52'),
(198, 46, 14, 'pending', '2024-09-01 13:31:52', '2024-09-01 13:31:52'),
(199, 47, 12, 'pending', '2024-09-01 13:31:52', '2024-09-01 13:31:52'),
(200, 47, 1, 'pending', '2024-09-01 13:31:52', '2024-09-01 13:31:52'),
(201, 47, 34, 'pending', '2024-09-01 13:31:52', '2024-09-01 13:31:52'),
(202, 48, 39, 'pending', '2024-09-01 13:31:52', '2024-09-01 13:31:52'),
(203, 48, 12, 'pending', '2024-09-01 13:31:52', '2024-09-01 13:31:52'),
(204, 48, 24, 'pending', '2024-09-01 13:31:52', '2024-09-01 13:31:52'),
(205, 49, 17, 'pending', '2024-09-01 13:31:52', '2024-09-01 13:31:52'),
(206, 49, 36, 'pending', '2024-09-01 13:31:52', '2024-09-01 13:31:52'),
(207, 49, 29, 'pending', '2024-09-01 13:31:52', '2024-09-01 13:31:52'),
(208, 50, 32, 'pending', '2024-09-01 13:31:52', '2024-09-01 13:31:52'),
(209, 50, 5, 'pending', '2024-09-01 13:31:52', '2024-09-01 13:31:52'),
(210, 50, 1, 'pending', '2024-09-01 13:31:52', '2024-09-01 13:31:52'),
(211, 51, 29, 'pending', '2024-09-01 13:31:52', '2024-09-01 13:31:52'),
(212, 51, 25, 'pending', '2024-09-01 13:31:52', '2024-09-01 13:31:52'),
(213, 51, 37, 'pending', '2024-09-01 13:31:52', '2024-09-01 13:31:52'),
(214, 1, 14, 'accepted', '2024-09-01 13:31:52', '2024-09-01 13:31:52'),
(215, 1, 25, 'accepted', '2024-09-01 13:31:52', '2024-09-01 13:31:52'),
(216, 2, 4, 'accepted', '2024-09-01 13:31:52', '2024-09-01 13:31:52'),
(217, 2, 29, 'accepted', '2024-09-01 13:31:52', '2024-09-01 13:31:52'),
(218, 3, 5, 'accepted', '2024-09-01 13:31:52', '2024-09-01 13:31:52'),
(219, 3, 17, 'accepted', '2024-09-01 13:31:52', '2024-09-01 13:31:52'),
(220, 4, 30, 'accepted', '2024-09-01 13:31:52', '2024-09-01 13:31:52'),
(221, 4, 24, 'accepted', '2024-09-01 13:31:52', '2024-09-01 13:31:52'),
(222, 5, 23, 'accepted', '2024-09-01 13:31:52', '2024-09-01 13:31:52'),
(223, 5, 3, 'accepted', '2024-09-01 13:31:52', '2024-09-01 13:31:52'),
(224, 6, 48, 'accepted', '2024-09-01 13:31:52', '2024-09-01 13:31:52'),
(225, 6, 16, 'accepted', '2024-09-01 13:31:52', '2024-09-01 13:31:52'),
(226, 7, 46, 'accepted', '2024-09-01 13:31:52', '2024-09-01 13:31:52'),
(227, 7, 21, 'accepted', '2024-09-01 13:31:52', '2024-09-01 13:31:52'),
(228, 8, 27, 'accepted', '2024-09-01 13:31:52', '2024-09-01 13:31:52'),
(229, 8, 43, 'accepted', '2024-09-01 13:31:52', '2024-09-01 13:31:52'),
(230, 9, 30, 'accepted', '2024-09-01 13:31:52', '2024-09-01 13:31:52'),
(231, 9, 14, 'accepted', '2024-09-01 13:31:52', '2024-09-01 13:31:52'),
(232, 10, 17, 'accepted', '2024-09-01 13:31:52', '2024-09-01 13:31:52'),
(233, 10, 47, 'accepted', '2024-09-01 13:31:52', '2024-09-01 13:31:52'),
(234, 11, 32, 'accepted', '2024-09-01 13:31:52', '2024-09-01 13:31:52'),
(235, 11, 10, 'accepted', '2024-09-01 13:31:52', '2024-09-01 13:31:52'),
(236, 12, 1, 'accepted', '2024-09-01 13:31:52', '2024-09-01 13:31:52'),
(237, 12, 45, 'accepted', '2024-09-01 13:31:52', '2024-09-01 13:31:52'),
(238, 13, 21, 'accepted', '2024-09-01 13:31:52', '2024-09-01 13:31:52'),
(239, 13, 12, 'accepted', '2024-09-01 13:31:52', '2024-09-01 13:31:52'),
(240, 14, 7, 'accepted', '2024-09-01 13:31:52', '2024-09-01 13:31:52'),
(241, 14, 31, 'accepted', '2024-09-01 13:31:52', '2024-09-01 13:31:52'),
(242, 15, 9, 'accepted', '2024-09-01 13:31:52', '2024-09-01 13:31:52'),
(243, 15, 7, 'accepted', '2024-09-01 13:31:52', '2024-09-01 13:31:52'),
(244, 16, 28, 'accepted', '2024-09-01 13:31:52', '2024-09-01 13:31:52'),
(245, 16, 47, 'accepted', '2024-09-01 13:31:52', '2024-09-01 13:31:52'),
(246, 17, 2, 'accepted', '2024-09-01 13:31:52', '2024-09-01 13:31:52'),
(247, 17, 6, 'accepted', '2024-09-01 13:31:52', '2024-09-01 13:31:52'),
(248, 18, 8, 'accepted', '2024-09-01 13:31:52', '2024-09-01 13:31:52'),
(249, 18, 40, 'accepted', '2024-09-01 13:31:52', '2024-09-01 13:31:52'),
(250, 19, 48, 'accepted', '2024-09-01 13:31:52', '2024-09-01 13:31:52'),
(251, 19, 17, 'accepted', '2024-09-01 13:31:52', '2024-09-01 13:31:52'),
(252, 20, 13, 'accepted', '2024-09-01 13:31:52', '2024-09-01 13:31:52'),
(253, 20, 50, 'accepted', '2024-09-01 13:31:52', '2024-09-01 13:31:52'),
(254, 21, 20, 'accepted', '2024-09-01 13:31:52', '2024-09-01 13:31:52'),
(255, 21, 26, 'accepted', '2024-09-01 13:31:52', '2024-09-01 13:31:52'),
(256, 22, 49, 'accepted', '2024-09-01 13:31:52', '2024-09-01 13:31:52'),
(257, 22, 45, 'accepted', '2024-09-01 13:31:52', '2024-09-01 13:31:52'),
(258, 23, 30, 'accepted', '2024-09-01 13:31:52', '2024-09-01 13:31:52'),
(259, 23, 41, 'accepted', '2024-09-01 13:31:52', '2024-09-01 13:31:52'),
(260, 24, 42, 'accepted', '2024-09-01 13:31:52', '2024-09-01 13:31:52'),
(261, 24, 32, 'accepted', '2024-09-01 13:31:52', '2024-09-01 13:31:52'),
(262, 25, 22, 'accepted', '2024-09-01 13:31:52', '2024-09-01 13:31:52'),
(263, 25, 42, 'accepted', '2024-09-01 13:31:52', '2024-09-01 13:31:52'),
(264, 26, 28, 'accepted', '2024-09-01 13:31:52', '2024-09-01 13:31:52'),
(265, 26, 45, 'accepted', '2024-09-01 13:31:52', '2024-09-01 13:31:52'),
(266, 27, 3, 'accepted', '2024-09-01 13:31:52', '2024-09-01 13:31:52'),
(267, 27, 14, 'accepted', '2024-09-01 13:31:52', '2024-09-01 13:31:52'),
(268, 28, 16, 'accepted', '2024-09-01 13:31:52', '2024-09-01 13:31:52'),
(269, 28, 3, 'accepted', '2024-09-01 13:31:52', '2024-09-01 13:31:52'),
(270, 29, 44, 'accepted', '2024-09-01 13:31:52', '2024-09-01 13:31:52'),
(271, 29, 4, 'accepted', '2024-09-01 13:31:52', '2024-09-01 13:31:52'),
(272, 30, 40, 'accepted', '2024-09-01 13:31:52', '2024-09-01 13:31:52'),
(273, 30, 29, 'accepted', '2024-09-01 13:31:52', '2024-09-01 13:31:52'),
(274, 31, 37, 'accepted', '2024-09-01 13:31:52', '2024-09-01 13:31:52'),
(275, 31, 39, 'accepted', '2024-09-01 13:31:53', '2024-09-01 13:31:53'),
(276, 32, 15, 'accepted', '2024-09-01 13:31:53', '2024-09-01 13:31:53'),
(277, 32, 42, 'accepted', '2024-09-01 13:31:53', '2024-09-01 13:31:53'),
(278, 33, 16, 'accepted', '2024-09-01 13:31:53', '2024-09-01 13:31:53'),
(279, 33, 22, 'accepted', '2024-09-01 13:31:53', '2024-09-01 13:31:53'),
(280, 34, 29, 'accepted', '2024-09-01 13:31:53', '2024-09-01 13:31:53'),
(281, 34, 15, 'accepted', '2024-09-01 13:31:53', '2024-09-01 13:31:53'),
(282, 35, 28, 'accepted', '2024-09-01 13:31:53', '2024-09-01 13:31:53'),
(283, 35, 4, 'accepted', '2024-09-01 13:31:53', '2024-09-01 13:31:53'),
(284, 36, 11, 'accepted', '2024-09-01 13:31:53', '2024-09-01 13:31:53'),
(285, 36, 48, 'accepted', '2024-09-01 13:31:53', '2024-09-01 13:31:53'),
(286, 37, 13, 'accepted', '2024-09-01 13:31:53', '2024-09-01 13:31:53'),
(287, 37, 6, 'accepted', '2024-09-01 13:31:53', '2024-09-01 13:31:53'),
(288, 38, 28, 'accepted', '2024-09-01 13:31:53', '2024-09-01 13:31:53'),
(289, 38, 46, 'accepted', '2024-09-01 13:31:53', '2024-09-01 13:31:53'),
(290, 39, 16, 'accepted', '2024-09-01 13:31:53', '2024-09-01 13:31:53'),
(291, 39, 50, 'accepted', '2024-09-01 13:31:53', '2024-09-01 13:31:53'),
(292, 40, 44, 'accepted', '2024-09-01 13:31:53', '2024-09-01 13:31:53'),
(293, 40, 12, 'accepted', '2024-09-01 13:31:53', '2024-09-01 13:31:53'),
(294, 41, 1, 'accepted', '2024-09-01 13:31:53', '2024-09-01 13:31:53'),
(295, 41, 40, 'accepted', '2024-09-01 13:31:53', '2024-09-01 13:31:53'),
(296, 42, 45, 'accepted', '2024-09-01 13:31:53', '2024-09-01 13:31:53'),
(297, 42, 30, 'accepted', '2024-09-01 13:31:53', '2024-09-01 13:31:53'),
(298, 43, 12, 'accepted', '2024-09-01 13:31:53', '2024-09-01 13:31:53'),
(299, 43, 50, 'accepted', '2024-09-01 13:31:53', '2024-09-01 13:31:53'),
(300, 44, 47, 'accepted', '2024-09-01 13:31:53', '2024-09-01 13:31:53'),
(301, 44, 45, 'accepted', '2024-09-01 13:31:53', '2024-09-01 13:31:53'),
(302, 45, 10, 'accepted', '2024-09-01 13:31:53', '2024-09-01 13:31:53'),
(303, 45, 50, 'accepted', '2024-09-01 13:31:53', '2024-09-01 13:31:53'),
(304, 46, 26, 'accepted', '2024-09-01 13:31:53', '2024-09-01 13:31:53'),
(305, 46, 39, 'accepted', '2024-09-01 13:31:53', '2024-09-01 13:31:53'),
(306, 47, 17, 'accepted', '2024-09-01 13:31:53', '2024-09-01 13:31:53'),
(307, 47, 46, 'accepted', '2024-09-01 13:31:53', '2024-09-01 13:31:53'),
(308, 48, 8, 'accepted', '2024-09-01 13:31:53', '2024-09-01 13:31:53'),
(309, 48, 50, 'accepted', '2024-09-01 13:31:53', '2024-09-01 13:31:53'),
(310, 49, 22, 'accepted', '2024-09-01 13:31:53', '2024-09-01 13:31:53'),
(311, 49, 28, 'accepted', '2024-09-01 13:31:53', '2024-09-01 13:31:53'),
(312, 50, 1, 'accepted', '2024-09-01 13:31:53', '2024-09-01 13:31:53'),
(313, 50, 34, 'accepted', '2024-09-01 13:31:53', '2024-09-01 13:31:53'),
(314, 51, 6, 'accepted', '2024-09-01 13:31:53', '2024-09-01 13:31:53'),
(315, 51, 50, 'accepted', '2024-09-01 13:31:53', '2024-09-01 13:31:53'),
(316, 1, 37, 'pending', '2024-09-01 13:34:33', '2024-09-01 13:34:33'),
(317, 1, 43, 'pending', '2024-09-01 13:34:33', '2024-09-01 13:34:33'),
(318, 1, 22, 'pending', '2024-09-01 13:34:33', '2024-09-01 13:34:33'),
(319, 2, 16, 'pending', '2024-09-01 13:34:33', '2024-09-01 13:34:33'),
(320, 2, 27, 'pending', '2024-09-01 13:34:33', '2024-09-01 13:34:33'),
(321, 2, 50, 'pending', '2024-09-01 13:34:33', '2024-09-01 13:34:33'),
(322, 3, 45, 'pending', '2024-09-01 13:34:33', '2024-09-01 13:34:33'),
(323, 3, 33, 'pending', '2024-09-01 13:34:33', '2024-09-01 13:34:33'),
(324, 3, 22, 'pending', '2024-09-01 13:34:33', '2024-09-01 13:34:33'),
(325, 4, 44, 'pending', '2024-09-01 13:34:33', '2024-09-01 13:34:33'),
(326, 4, 36, 'pending', '2024-09-01 13:34:33', '2024-09-01 13:34:33'),
(327, 4, 51, 'pending', '2024-09-01 13:34:33', '2024-09-01 13:34:33'),
(328, 5, 9, 'pending', '2024-09-01 13:34:33', '2024-09-01 13:34:33'),
(329, 5, 61, 'pending', '2024-09-01 13:34:33', '2024-09-01 13:34:33'),
(330, 5, 53, 'pending', '2024-09-01 13:34:33', '2024-09-01 13:34:33'),
(331, 6, 53, 'pending', '2024-09-01 13:34:33', '2024-09-01 13:34:33'),
(332, 6, 10, 'pending', '2024-09-01 13:34:33', '2024-09-01 13:34:33'),
(333, 6, 54, 'pending', '2024-09-01 13:34:33', '2024-09-01 13:34:33'),
(334, 7, 9, 'pending', '2024-09-01 13:34:33', '2024-09-01 13:34:33'),
(335, 7, 26, 'pending', '2024-09-01 13:34:33', '2024-09-01 13:34:33'),
(336, 7, 39, 'pending', '2024-09-01 13:34:33', '2024-09-01 13:34:33'),
(337, 8, 22, 'pending', '2024-09-01 13:34:33', '2024-09-01 13:34:33'),
(338, 8, 45, 'pending', '2024-09-01 13:34:33', '2024-09-01 13:34:33'),
(339, 8, 40, 'pending', '2024-09-01 13:34:33', '2024-09-01 13:34:33'),
(340, 9, 50, 'pending', '2024-09-01 13:34:33', '2024-09-01 13:34:33'),
(341, 9, 53, 'pending', '2024-09-01 13:34:33', '2024-09-01 13:34:33'),
(342, 9, 55, 'pending', '2024-09-01 13:34:33', '2024-09-01 13:34:33'),
(343, 10, 41, 'pending', '2024-09-01 13:34:33', '2024-09-01 13:34:33'),
(344, 10, 57, 'pending', '2024-09-01 13:34:33', '2024-09-01 13:34:33'),
(345, 10, 19, 'pending', '2024-09-01 13:34:33', '2024-09-01 13:34:33'),
(346, 11, 56, 'pending', '2024-09-01 13:34:33', '2024-09-01 13:34:33'),
(347, 11, 24, 'pending', '2024-09-01 13:34:33', '2024-09-01 13:34:33'),
(348, 11, 57, 'pending', '2024-09-01 13:34:33', '2024-09-01 13:34:33'),
(349, 12, 9, 'pending', '2024-09-01 13:34:33', '2024-09-01 13:34:33'),
(350, 12, 37, 'pending', '2024-09-01 13:34:33', '2024-09-01 13:34:33'),
(351, 12, 32, 'pending', '2024-09-01 13:34:33', '2024-09-01 13:34:33'),
(352, 13, 50, 'pending', '2024-09-01 13:34:33', '2024-09-01 13:34:33'),
(353, 13, 10, 'pending', '2024-09-01 13:34:33', '2024-09-01 13:34:33'),
(354, 13, 61, 'pending', '2024-09-01 13:34:33', '2024-09-01 13:34:33'),
(355, 14, 40, 'pending', '2024-09-01 13:34:33', '2024-09-01 13:34:33'),
(356, 14, 12, 'pending', '2024-09-01 13:34:33', '2024-09-01 13:34:33'),
(357, 14, 60, 'pending', '2024-09-01 13:34:33', '2024-09-01 13:34:33'),
(358, 15, 44, 'pending', '2024-09-01 13:34:33', '2024-09-01 13:34:33'),
(359, 15, 39, 'pending', '2024-09-01 13:34:33', '2024-09-01 13:34:33'),
(360, 15, 35, 'pending', '2024-09-01 13:34:34', '2024-09-01 13:34:34'),
(361, 16, 57, 'pending', '2024-09-01 13:34:34', '2024-09-01 13:34:34'),
(362, 16, 36, 'pending', '2024-09-01 13:34:34', '2024-09-01 13:34:34'),
(363, 16, 52, 'pending', '2024-09-01 13:34:34', '2024-09-01 13:34:34'),
(364, 17, 29, 'pending', '2024-09-01 13:34:34', '2024-09-01 13:34:34'),
(365, 17, 4, 'pending', '2024-09-01 13:34:34', '2024-09-01 13:34:34'),
(366, 17, 27, 'pending', '2024-09-01 13:34:34', '2024-09-01 13:34:34'),
(367, 18, 19, 'pending', '2024-09-01 13:34:34', '2024-09-01 13:34:34'),
(368, 18, 48, 'pending', '2024-09-01 13:34:34', '2024-09-01 13:34:34'),
(369, 18, 10, 'pending', '2024-09-01 13:34:34', '2024-09-01 13:34:34'),
(370, 19, 30, 'pending', '2024-09-01 13:34:34', '2024-09-01 13:34:34'),
(371, 19, 46, 'pending', '2024-09-01 13:34:34', '2024-09-01 13:34:34'),
(372, 19, 51, 'pending', '2024-09-01 13:34:34', '2024-09-01 13:34:34'),
(373, 20, 6, 'pending', '2024-09-01 13:34:34', '2024-09-01 13:34:34'),
(374, 20, 57, 'pending', '2024-09-01 13:34:34', '2024-09-01 13:34:34'),
(375, 20, 48, 'pending', '2024-09-01 13:34:34', '2024-09-01 13:34:34'),
(376, 21, 9, 'pending', '2024-09-01 13:34:34', '2024-09-01 13:34:34'),
(377, 21, 59, 'pending', '2024-09-01 13:34:34', '2024-09-01 13:34:34'),
(378, 21, 52, 'pending', '2024-09-01 13:34:34', '2024-09-01 13:34:34'),
(379, 22, 41, 'pending', '2024-09-01 13:34:34', '2024-09-01 13:34:34'),
(380, 22, 56, 'pending', '2024-09-01 13:34:34', '2024-09-01 13:34:34'),
(381, 22, 23, 'pending', '2024-09-01 13:34:34', '2024-09-01 13:34:34'),
(382, 23, 17, 'pending', '2024-09-01 13:34:34', '2024-09-01 13:34:34'),
(383, 23, 46, 'pending', '2024-09-01 13:34:34', '2024-09-01 13:34:34'),
(384, 23, 43, 'pending', '2024-09-01 13:34:34', '2024-09-01 13:34:34'),
(385, 24, 4, 'pending', '2024-09-01 13:34:34', '2024-09-01 13:34:34'),
(386, 24, 36, 'pending', '2024-09-01 13:34:34', '2024-09-01 13:34:34'),
(387, 24, 57, 'pending', '2024-09-01 13:34:34', '2024-09-01 13:34:34'),
(388, 25, 48, 'pending', '2024-09-01 13:34:34', '2024-09-01 13:34:34'),
(389, 25, 55, 'pending', '2024-09-01 13:34:34', '2024-09-01 13:34:34'),
(390, 25, 26, 'pending', '2024-09-01 13:34:34', '2024-09-01 13:34:34'),
(391, 26, 31, 'pending', '2024-09-01 13:34:34', '2024-09-01 13:34:34'),
(392, 26, 23, 'pending', '2024-09-01 13:34:34', '2024-09-01 13:34:34'),
(393, 26, 47, 'pending', '2024-09-01 13:34:34', '2024-09-01 13:34:34'),
(394, 27, 51, 'pending', '2024-09-01 13:34:34', '2024-09-01 13:34:34'),
(395, 27, 6, 'pending', '2024-09-01 13:34:34', '2024-09-01 13:34:34'),
(396, 27, 43, 'pending', '2024-09-01 13:34:34', '2024-09-01 13:34:34'),
(397, 28, 5, 'pending', '2024-09-01 13:34:34', '2024-09-01 13:34:34'),
(398, 28, 51, 'pending', '2024-09-01 13:34:34', '2024-09-01 13:34:34'),
(399, 28, 10, 'pending', '2024-09-01 13:34:34', '2024-09-01 13:34:34'),
(400, 29, 56, 'pending', '2024-09-01 13:34:34', '2024-09-01 13:34:34'),
(401, 29, 25, 'pending', '2024-09-01 13:34:34', '2024-09-01 13:34:34'),
(402, 29, 3, 'pending', '2024-09-01 13:34:34', '2024-09-01 13:34:34'),
(403, 30, 53, 'pending', '2024-09-01 13:34:34', '2024-09-01 13:34:34'),
(404, 30, 61, 'pending', '2024-09-01 13:34:34', '2024-09-01 13:34:34'),
(405, 30, 42, 'pending', '2024-09-01 13:34:34', '2024-09-01 13:34:34'),
(406, 31, 17, 'pending', '2024-09-01 13:34:34', '2024-09-01 13:34:34'),
(407, 31, 41, 'pending', '2024-09-01 13:34:34', '2024-09-01 13:34:34'),
(408, 31, 12, 'pending', '2024-09-01 13:34:34', '2024-09-01 13:34:34'),
(409, 32, 51, 'pending', '2024-09-01 13:34:34', '2024-09-01 13:34:34'),
(410, 32, 23, 'pending', '2024-09-01 13:34:34', '2024-09-01 13:34:34'),
(411, 32, 47, 'pending', '2024-09-01 13:34:34', '2024-09-01 13:34:34'),
(412, 33, 8, 'pending', '2024-09-01 13:34:34', '2024-09-01 13:34:34'),
(413, 33, 43, 'pending', '2024-09-01 13:34:34', '2024-09-01 13:34:34'),
(414, 33, 48, 'pending', '2024-09-01 13:34:34', '2024-09-01 13:34:34'),
(415, 34, 2, 'pending', '2024-09-01 13:34:34', '2024-09-01 13:34:34'),
(416, 34, 53, 'pending', '2024-09-01 13:34:34', '2024-09-01 13:34:34'),
(417, 34, 30, 'pending', '2024-09-01 13:34:34', '2024-09-01 13:34:34'),
(418, 35, 59, 'pending', '2024-09-01 13:34:34', '2024-09-01 13:34:34'),
(419, 35, 25, 'pending', '2024-09-01 13:34:34', '2024-09-01 13:34:34'),
(420, 35, 15, 'pending', '2024-09-01 13:34:34', '2024-09-01 13:34:34'),
(421, 36, 27, 'pending', '2024-09-01 13:34:34', '2024-09-01 13:34:34'),
(422, 36, 15, 'pending', '2024-09-01 13:34:34', '2024-09-01 13:34:34'),
(423, 36, 26, 'pending', '2024-09-01 13:34:34', '2024-09-01 13:34:34'),
(424, 37, 20, 'pending', '2024-09-01 13:34:34', '2024-09-01 13:34:34'),
(425, 37, 43, 'pending', '2024-09-01 13:34:34', '2024-09-01 13:34:34'),
(426, 37, 8, 'pending', '2024-09-01 13:34:34', '2024-09-01 13:34:34'),
(427, 38, 21, 'pending', '2024-09-01 13:34:34', '2024-09-01 13:34:34'),
(428, 38, 12, 'pending', '2024-09-01 13:34:34', '2024-09-01 13:34:34'),
(429, 38, 7, 'pending', '2024-09-01 13:34:34', '2024-09-01 13:34:34'),
(430, 39, 58, 'pending', '2024-09-01 13:34:34', '2024-09-01 13:34:34'),
(431, 39, 4, 'pending', '2024-09-01 13:34:34', '2024-09-01 13:34:34'),
(432, 39, 46, 'pending', '2024-09-01 13:34:34', '2024-09-01 13:34:34'),
(433, 40, 21, 'pending', '2024-09-01 13:34:34', '2024-09-01 13:34:34'),
(434, 40, 50, 'pending', '2024-09-01 13:34:34', '2024-09-01 13:34:34'),
(435, 40, 2, 'pending', '2024-09-01 13:34:34', '2024-09-01 13:34:34'),
(436, 41, 13, 'pending', '2024-09-01 13:34:34', '2024-09-01 13:34:34'),
(437, 41, 24, 'pending', '2024-09-01 13:34:34', '2024-09-01 13:34:34'),
(438, 41, 18, 'pending', '2024-09-01 13:34:34', '2024-09-01 13:34:34'),
(439, 42, 51, 'pending', '2024-09-01 13:34:34', '2024-09-01 13:34:34'),
(440, 42, 31, 'pending', '2024-09-01 13:34:34', '2024-09-01 13:34:34'),
(441, 42, 17, 'pending', '2024-09-01 13:34:34', '2024-09-01 13:34:34'),
(442, 43, 8, 'pending', '2024-09-01 13:34:34', '2024-09-01 13:34:34'),
(443, 43, 55, 'pending', '2024-09-01 13:34:34', '2024-09-01 13:34:34'),
(444, 43, 53, 'pending', '2024-09-01 13:34:34', '2024-09-01 13:34:34'),
(445, 44, 15, 'pending', '2024-09-01 13:34:34', '2024-09-01 13:34:34'),
(446, 44, 19, 'pending', '2024-09-01 13:34:34', '2024-09-01 13:34:34'),
(447, 44, 38, 'pending', '2024-09-01 13:34:34', '2024-09-01 13:34:34'),
(448, 45, 46, 'pending', '2024-09-01 13:34:34', '2024-09-01 13:34:34'),
(449, 45, 52, 'pending', '2024-09-01 13:34:34', '2024-09-01 13:34:34'),
(450, 45, 31, 'pending', '2024-09-01 13:34:34', '2024-09-01 13:34:34'),
(451, 46, 9, 'pending', '2024-09-01 13:34:34', '2024-09-01 13:34:34'),
(452, 46, 2, 'pending', '2024-09-01 13:34:34', '2024-09-01 13:34:34'),
(453, 46, 18, 'pending', '2024-09-01 13:34:34', '2024-09-01 13:34:34'),
(454, 47, 57, 'pending', '2024-09-01 13:34:34', '2024-09-01 13:34:34'),
(455, 47, 45, 'pending', '2024-09-01 13:34:34', '2024-09-01 13:34:34'),
(456, 47, 30, 'pending', '2024-09-01 13:34:34', '2024-09-01 13:34:34'),
(457, 48, 37, 'pending', '2024-09-01 13:34:34', '2024-09-01 13:34:34'),
(458, 48, 57, 'pending', '2024-09-01 13:34:34', '2024-09-01 13:34:34'),
(459, 48, 23, 'pending', '2024-09-01 13:34:34', '2024-09-01 13:34:34'),
(460, 49, 34, 'pending', '2024-09-01 13:34:34', '2024-09-01 13:34:34'),
(461, 49, 20, 'pending', '2024-09-01 13:34:34', '2024-09-01 13:34:34'),
(462, 49, 40, 'pending', '2024-09-01 13:34:34', '2024-09-01 13:34:34'),
(463, 50, 40, 'pending', '2024-09-01 13:34:34', '2024-09-01 13:34:34'),
(464, 50, 3, 'pending', '2024-09-01 13:34:34', '2024-09-01 13:34:34'),
(465, 50, 26, 'pending', '2024-09-01 13:34:34', '2024-09-01 13:34:34'),
(466, 51, 6, 'pending', '2024-09-01 13:34:34', '2024-09-01 13:34:34'),
(467, 51, 30, 'pending', '2024-09-01 13:34:34', '2024-09-01 13:34:34'),
(468, 51, 28, 'pending', '2024-09-01 13:34:34', '2024-09-01 13:34:34'),
(469, 52, 14, 'pending', '2024-09-01 13:34:34', '2024-09-01 13:34:34'),
(470, 52, 16, 'pending', '2024-09-01 13:34:34', '2024-09-01 13:34:34'),
(471, 52, 43, 'pending', '2024-09-01 13:34:34', '2024-09-01 13:34:34'),
(472, 53, 2, 'pending', '2024-09-01 13:34:34', '2024-09-01 13:34:34'),
(473, 53, 8, 'pending', '2024-09-01 13:34:34', '2024-09-01 13:34:34'),
(474, 53, 21, 'pending', '2024-09-01 13:34:34', '2024-09-01 13:34:34'),
(475, 54, 38, 'pending', '2024-09-01 13:34:34', '2024-09-01 13:34:34'),
(476, 54, 27, 'pending', '2024-09-01 13:34:34', '2024-09-01 13:34:34'),
(477, 54, 35, 'pending', '2024-09-01 13:34:34', '2024-09-01 13:34:34'),
(478, 55, 50, 'pending', '2024-09-01 13:34:34', '2024-09-01 13:34:34'),
(479, 55, 21, 'pending', '2024-09-01 13:34:34', '2024-09-01 13:34:34'),
(480, 55, 44, 'pending', '2024-09-01 13:34:34', '2024-09-01 13:34:34'),
(481, 56, 53, 'pending', '2024-09-01 13:34:34', '2024-09-01 13:34:34'),
(482, 56, 43, 'pending', '2024-09-01 13:34:34', '2024-09-01 13:34:34'),
(483, 56, 36, 'pending', '2024-09-01 13:34:34', '2024-09-01 13:34:34'),
(484, 57, 16, 'pending', '2024-09-01 13:34:34', '2024-09-01 13:34:34'),
(485, 57, 25, 'pending', '2024-09-01 13:34:34', '2024-09-01 13:34:34'),
(486, 57, 37, 'pending', '2024-09-01 13:34:34', '2024-09-01 13:34:34'),
(487, 58, 1, 'pending', '2024-09-01 13:34:34', '2024-09-01 13:34:34'),
(488, 58, 29, 'pending', '2024-09-01 13:34:34', '2024-09-01 13:34:34'),
(489, 58, 4, 'pending', '2024-09-01 13:34:34', '2024-09-01 13:34:34'),
(490, 59, 26, 'pending', '2024-09-01 13:34:34', '2024-09-01 13:34:34'),
(491, 59, 46, 'pending', '2024-09-01 13:34:34', '2024-09-01 13:34:34'),
(492, 59, 3, 'pending', '2024-09-01 13:34:34', '2024-09-01 13:34:34'),
(493, 60, 43, 'pending', '2024-09-01 13:34:34', '2024-09-01 13:34:34'),
(494, 60, 36, 'pending', '2024-09-01 13:34:34', '2024-09-01 13:34:34'),
(495, 60, 54, 'pending', '2024-09-01 13:34:34', '2024-09-01 13:34:34'),
(496, 61, 34, 'pending', '2024-09-01 13:34:34', '2024-09-01 13:34:34'),
(497, 61, 35, 'pending', '2024-09-01 13:34:34', '2024-09-01 13:34:34'),
(498, 61, 56, 'pending', '2024-09-01 13:34:35', '2024-09-01 13:34:35'),
(499, 1, 9, 'accepted', '2024-09-01 13:34:35', '2024-09-01 13:34:35'),
(500, 1, 4, 'accepted', '2024-09-01 13:34:35', '2024-09-01 13:34:35'),
(501, 2, 10, 'accepted', '2024-09-01 13:34:35', '2024-09-01 13:34:35'),
(502, 2, 53, 'accepted', '2024-09-01 13:34:35', '2024-09-01 13:34:35'),
(503, 3, 20, 'accepted', '2024-09-01 13:34:35', '2024-09-01 13:34:35'),
(504, 3, 19, 'accepted', '2024-09-01 13:34:35', '2024-09-01 13:34:35'),
(505, 4, 37, 'accepted', '2024-09-01 13:34:35', '2024-09-01 13:34:35'),
(506, 4, 39, 'accepted', '2024-09-01 13:34:35', '2024-09-01 13:34:35'),
(507, 5, 43, 'accepted', '2024-09-01 13:34:35', '2024-09-01 13:34:35'),
(508, 5, 22, 'accepted', '2024-09-01 13:34:35', '2024-09-01 13:34:35'),
(509, 6, 5, 'accepted', '2024-09-01 13:34:35', '2024-09-01 13:34:35'),
(510, 6, 15, 'accepted', '2024-09-01 13:34:35', '2024-09-01 13:34:35'),
(511, 7, 44, 'accepted', '2024-09-01 13:34:35', '2024-09-01 13:34:35'),
(512, 7, 41, 'accepted', '2024-09-01 13:34:35', '2024-09-01 13:34:35'),
(513, 8, 37, 'accepted', '2024-09-01 13:34:35', '2024-09-01 13:34:35'),
(514, 8, 23, 'accepted', '2024-09-01 13:34:35', '2024-09-01 13:34:35'),
(515, 9, 39, 'accepted', '2024-09-01 13:34:35', '2024-09-01 13:34:35'),
(516, 9, 49, 'accepted', '2024-09-01 13:34:35', '2024-09-01 13:34:35'),
(517, 10, 5, 'accepted', '2024-09-01 13:34:35', '2024-09-01 13:34:35'),
(518, 10, 12, 'accepted', '2024-09-01 13:34:35', '2024-09-01 13:34:35'),
(519, 11, 10, 'accepted', '2024-09-01 13:34:35', '2024-09-01 13:34:35'),
(520, 11, 23, 'accepted', '2024-09-01 13:34:35', '2024-09-01 13:34:35'),
(521, 12, 59, 'accepted', '2024-09-01 13:34:35', '2024-09-01 13:34:35'),
(522, 12, 27, 'accepted', '2024-09-01 13:34:35', '2024-09-01 13:34:35'),
(523, 13, 51, 'accepted', '2024-09-01 13:34:35', '2024-09-01 13:34:35'),
(524, 13, 6, 'accepted', '2024-09-01 13:34:35', '2024-09-01 13:34:35'),
(525, 14, 31, 'accepted', '2024-09-01 13:34:35', '2024-09-01 13:34:35'),
(526, 14, 24, 'accepted', '2024-09-01 13:34:35', '2024-09-01 13:34:35'),
(527, 15, 51, 'accepted', '2024-09-01 13:34:35', '2024-09-01 13:34:35'),
(528, 15, 1, 'accepted', '2024-09-01 13:34:35', '2024-09-01 13:34:35'),
(529, 16, 1, 'accepted', '2024-09-01 13:34:35', '2024-09-01 13:34:35'),
(530, 16, 17, 'accepted', '2024-09-01 13:34:35', '2024-09-01 13:34:35'),
(531, 17, 21, 'accepted', '2024-09-01 13:34:35', '2024-09-01 13:34:35'),
(532, 17, 54, 'accepted', '2024-09-01 13:34:35', '2024-09-01 13:34:35'),
(533, 18, 25, 'accepted', '2024-09-01 13:34:35', '2024-09-01 13:34:35'),
(534, 18, 33, 'accepted', '2024-09-01 13:34:35', '2024-09-01 13:34:35'),
(535, 19, 4, 'accepted', '2024-09-01 13:34:35', '2024-09-01 13:34:35'),
(536, 19, 40, 'accepted', '2024-09-01 13:34:35', '2024-09-01 13:34:35'),
(537, 20, 26, 'accepted', '2024-09-01 13:34:35', '2024-09-01 13:34:35'),
(538, 20, 18, 'accepted', '2024-09-01 13:34:35', '2024-09-01 13:34:35'),
(539, 21, 43, 'accepted', '2024-09-01 13:34:35', '2024-09-01 13:34:35'),
(540, 21, 5, 'accepted', '2024-09-01 13:34:35', '2024-09-01 13:34:35'),
(541, 22, 57, 'accepted', '2024-09-01 13:34:35', '2024-09-01 13:34:35'),
(542, 22, 41, 'accepted', '2024-09-01 13:34:35', '2024-09-01 13:34:35'),
(543, 23, 43, 'accepted', '2024-09-01 13:34:35', '2024-09-01 13:34:35'),
(544, 23, 46, 'accepted', '2024-09-01 13:34:35', '2024-09-01 13:34:35'),
(545, 24, 7, 'accepted', '2024-09-01 13:34:35', '2024-09-01 13:34:35'),
(546, 24, 36, 'accepted', '2024-09-01 13:34:35', '2024-09-01 13:34:35'),
(547, 25, 38, 'accepted', '2024-09-01 13:34:35', '2024-09-01 13:34:35'),
(548, 25, 34, 'accepted', '2024-09-01 13:34:35', '2024-09-01 13:34:35'),
(549, 26, 36, 'accepted', '2024-09-01 13:34:35', '2024-09-01 13:34:35'),
(550, 26, 32, 'accepted', '2024-09-01 13:34:35', '2024-09-01 13:34:35'),
(551, 27, 60, 'accepted', '2024-09-01 13:34:35', '2024-09-01 13:34:35'),
(552, 27, 18, 'accepted', '2024-09-01 13:34:35', '2024-09-01 13:34:35'),
(553, 28, 56, 'accepted', '2024-09-01 13:34:35', '2024-09-01 13:34:35'),
(554, 28, 3, 'accepted', '2024-09-01 13:34:35', '2024-09-01 13:34:35'),
(555, 29, 25, 'accepted', '2024-09-01 13:34:35', '2024-09-01 13:34:35'),
(556, 29, 9, 'accepted', '2024-09-01 13:34:35', '2024-09-01 13:34:35'),
(557, 30, 26, 'accepted', '2024-09-01 13:34:35', '2024-09-01 13:34:35'),
(558, 30, 34, 'accepted', '2024-09-01 13:34:35', '2024-09-01 13:34:35'),
(559, 31, 1, 'accepted', '2024-09-01 13:34:35', '2024-09-01 13:34:35'),
(560, 31, 45, 'accepted', '2024-09-01 13:34:35', '2024-09-01 13:34:35'),
(561, 32, 33, 'accepted', '2024-09-01 13:34:35', '2024-09-01 13:34:35'),
(562, 32, 15, 'accepted', '2024-09-01 13:34:35', '2024-09-01 13:34:35'),
(563, 33, 27, 'accepted', '2024-09-01 13:34:35', '2024-09-01 13:34:35'),
(564, 33, 60, 'accepted', '2024-09-01 13:34:35', '2024-09-01 13:34:35'),
(565, 34, 49, 'accepted', '2024-09-01 13:34:35', '2024-09-01 13:34:35'),
(566, 34, 11, 'accepted', '2024-09-01 13:34:35', '2024-09-01 13:34:35'),
(567, 35, 30, 'accepted', '2024-09-01 13:34:35', '2024-09-01 13:34:35'),
(568, 35, 14, 'accepted', '2024-09-01 13:34:35', '2024-09-01 13:34:35'),
(569, 36, 49, 'accepted', '2024-09-01 13:34:35', '2024-09-01 13:34:35'),
(570, 36, 22, 'accepted', '2024-09-01 13:34:35', '2024-09-01 13:34:35'),
(571, 37, 6, 'accepted', '2024-09-01 13:34:35', '2024-09-01 13:34:35'),
(572, 37, 14, 'accepted', '2024-09-01 13:34:35', '2024-09-01 13:34:35'),
(573, 38, 61, 'accepted', '2024-09-01 13:34:35', '2024-09-01 13:34:35'),
(574, 38, 27, 'accepted', '2024-09-01 13:34:35', '2024-09-01 13:34:35'),
(575, 39, 45, 'accepted', '2024-09-01 13:34:35', '2024-09-01 13:34:35'),
(576, 39, 40, 'accepted', '2024-09-01 13:34:35', '2024-09-01 13:34:35'),
(577, 40, 33, 'accepted', '2024-09-01 13:34:35', '2024-09-01 13:34:35'),
(578, 40, 54, 'accepted', '2024-09-01 13:34:35', '2024-09-01 13:34:35'),
(579, 41, 24, 'accepted', '2024-09-01 13:34:35', '2024-09-01 13:34:35'),
(580, 41, 19, 'accepted', '2024-09-01 13:34:35', '2024-09-01 13:34:35'),
(581, 42, 14, 'accepted', '2024-09-01 13:34:35', '2024-09-01 13:34:35'),
(582, 42, 34, 'accepted', '2024-09-01 13:34:35', '2024-09-01 13:34:35'),
(583, 43, 13, 'accepted', '2024-09-01 13:34:35', '2024-09-01 13:34:35'),
(584, 43, 11, 'accepted', '2024-09-01 13:34:35', '2024-09-01 13:34:35'),
(585, 44, 9, 'accepted', '2024-09-01 13:34:35', '2024-09-01 13:34:35'),
(586, 44, 42, 'accepted', '2024-09-01 13:34:35', '2024-09-01 13:34:35'),
(587, 45, 12, 'accepted', '2024-09-01 13:34:35', '2024-09-01 13:34:35'),
(588, 45, 26, 'accepted', '2024-09-01 13:34:35', '2024-09-01 13:34:35'),
(589, 46, 47, 'accepted', '2024-09-01 13:34:35', '2024-09-01 13:34:35'),
(590, 46, 24, 'accepted', '2024-09-01 13:34:35', '2024-09-01 13:34:35'),
(591, 47, 60, 'accepted', '2024-09-01 13:34:35', '2024-09-01 13:34:35'),
(592, 47, 19, 'accepted', '2024-09-01 13:34:35', '2024-09-01 13:34:35'),
(593, 48, 29, 'accepted', '2024-09-01 13:34:35', '2024-09-01 13:34:35'),
(594, 48, 32, 'accepted', '2024-09-01 13:34:35', '2024-09-01 13:34:35'),
(595, 49, 54, 'accepted', '2024-09-01 13:34:35', '2024-09-01 13:34:35'),
(596, 49, 4, 'accepted', '2024-09-01 13:34:35', '2024-09-01 13:34:35'),
(597, 50, 14, 'accepted', '2024-09-01 13:34:35', '2024-09-01 13:34:35'),
(598, 50, 29, 'accepted', '2024-09-01 13:34:35', '2024-09-01 13:34:35'),
(599, 51, 22, 'accepted', '2024-09-01 13:34:35', '2024-09-01 13:34:35'),
(600, 51, 47, 'accepted', '2024-09-01 13:34:35', '2024-09-01 13:34:35'),
(601, 52, 27, 'accepted', '2024-09-01 13:34:35', '2024-09-01 13:34:35'),
(602, 52, 38, 'accepted', '2024-09-01 13:34:35', '2024-09-01 13:34:35'),
(603, 53, 15, 'accepted', '2024-09-01 13:34:35', '2024-09-01 13:34:35'),
(604, 53, 58, 'accepted', '2024-09-01 13:34:35', '2024-09-01 13:34:35'),
(605, 54, 45, 'accepted', '2024-09-01 13:34:35', '2024-09-01 13:34:35'),
(606, 54, 29, 'accepted', '2024-09-01 13:34:35', '2024-09-01 13:34:35'),
(607, 55, 34, 'accepted', '2024-09-01 13:34:35', '2024-09-01 13:34:35'),
(608, 55, 51, 'accepted', '2024-09-01 13:34:35', '2024-09-01 13:34:35'),
(609, 56, 25, 'accepted', '2024-09-01 13:34:35', '2024-09-01 13:34:35'),
(610, 56, 4, 'accepted', '2024-09-01 13:34:35', '2024-09-01 13:34:35'),
(611, 57, 28, 'accepted', '2024-09-01 13:34:35', '2024-09-01 13:34:35'),
(612, 57, 41, 'accepted', '2024-09-01 13:34:35', '2024-09-01 13:34:35'),
(613, 58, 32, 'accepted', '2024-09-01 13:34:35', '2024-09-01 13:34:35'),
(614, 58, 48, 'accepted', '2024-09-01 13:34:35', '2024-09-01 13:34:35'),
(615, 59, 32, 'accepted', '2024-09-01 13:34:35', '2024-09-01 13:34:35'),
(616, 59, 48, 'accepted', '2024-09-01 13:34:35', '2024-09-01 13:34:35'),
(617, 60, 37, 'accepted', '2024-09-01 13:34:35', '2024-09-01 13:34:35'),
(618, 60, 4, 'accepted', '2024-09-01 13:34:35', '2024-09-01 13:34:35'),
(619, 61, 6, 'accepted', '2024-09-01 13:34:35', '2024-09-01 13:34:35'),
(620, 61, 41, 'accepted', '2024-09-01 13:34:35', '2024-09-01 13:34:35'),
(621, 1, 42, 'pending', '2024-09-01 13:40:51', '2024-09-01 13:40:51'),
(622, 1, 19, 'pending', '2024-09-01 13:40:51', '2024-09-01 13:40:51'),
(623, 1, 29, 'pending', '2024-09-01 13:40:51', '2024-09-01 13:40:51'),
(624, 2, 42, 'pending', '2024-09-01 13:40:51', '2024-09-01 13:40:51'),
(625, 2, 8, 'accepted', '2024-09-01 13:40:51', '2024-09-01 13:40:51'),
(626, 2, 41, 'pending', '2024-09-01 13:40:51', '2024-09-01 13:40:51'),
(627, 3, 23, 'pending', '2024-09-01 13:40:51', '2024-09-01 13:40:51'),
(628, 3, 15, 'pending', '2024-09-01 13:40:51', '2024-09-01 13:40:51'),
(629, 3, 65, 'pending', '2024-09-01 13:40:51', '2024-09-01 13:40:51'),
(630, 4, 22, 'pending', '2024-09-01 13:40:51', '2024-09-01 13:40:51'),
(631, 4, 8, 'pending', '2024-09-01 13:40:51', '2024-09-01 13:40:51'),
(632, 4, 31, 'pending', '2024-09-01 13:40:51', '2024-09-01 13:40:51'),
(633, 5, 35, 'pending', '2024-09-01 13:40:51', '2024-09-01 13:40:51'),
(634, 5, 14, 'pending', '2024-09-01 13:40:51', '2024-09-01 13:40:51'),
(635, 5, 67, 'pending', '2024-09-01 13:40:51', '2024-09-01 13:40:51'),
(636, 6, 24, 'pending', '2024-09-01 13:40:51', '2024-09-01 13:40:51'),
(637, 6, 55, 'pending', '2024-09-01 13:40:51', '2024-09-01 13:40:51'),
(638, 6, 42, 'pending', '2024-09-01 13:40:51', '2024-09-01 13:40:51'),
(639, 7, 57, 'pending', '2024-09-01 13:40:51', '2024-09-01 13:40:51'),
(640, 7, 51, 'pending', '2024-09-01 13:40:51', '2024-09-01 13:40:51'),
(641, 7, 31, 'pending', '2024-09-01 13:40:51', '2024-09-01 13:40:51'),
(642, 8, 1, 'pending', '2024-09-01 13:40:51', '2024-09-01 13:40:51'),
(643, 8, 55, 'pending', '2024-09-01 13:40:51', '2024-09-01 13:40:51'),
(644, 8, 11, 'pending', '2024-09-01 13:40:51', '2024-09-01 13:40:51'),
(645, 9, 24, 'pending', '2024-09-01 13:40:51', '2024-09-01 13:40:51'),
(646, 9, 62, 'pending', '2024-09-01 13:40:51', '2024-09-01 13:40:51'),
(647, 9, 36, 'pending', '2024-09-01 13:40:51', '2024-09-01 13:40:51'),
(648, 10, 5, 'pending', '2024-09-01 13:40:51', '2024-09-01 13:40:51'),
(649, 10, 37, 'pending', '2024-09-01 13:40:51', '2024-09-01 13:40:51'),
(650, 10, 70, 'pending', '2024-09-01 13:40:51', '2024-09-01 13:40:51'),
(651, 11, 69, 'pending', '2024-09-01 13:40:51', '2024-09-01 13:40:51'),
(652, 11, 10, 'pending', '2024-09-01 13:40:51', '2024-09-01 13:40:51'),
(653, 11, 2, 'pending', '2024-09-01 13:40:51', '2024-09-01 13:40:51'),
(654, 12, 56, 'pending', '2024-09-01 13:40:51', '2024-09-01 13:40:51'),
(655, 12, 64, 'pending', '2024-09-01 13:40:51', '2024-09-01 13:40:51'),
(656, 12, 40, 'pending', '2024-09-01 13:40:51', '2024-09-01 13:40:51'),
(657, 13, 7, 'pending', '2024-09-01 13:40:51', '2024-09-01 13:40:51'),
(658, 13, 25, 'pending', '2024-09-01 13:40:51', '2024-09-01 13:40:51'),
(659, 13, 20, 'pending', '2024-09-01 13:40:51', '2024-09-01 13:40:51'),
(660, 14, 27, 'pending', '2024-09-01 13:40:51', '2024-09-01 13:40:51'),
(661, 14, 33, 'pending', '2024-09-01 13:40:51', '2024-09-01 13:40:51'),
(662, 14, 54, 'pending', '2024-09-01 13:40:51', '2024-09-01 13:40:51'),
(663, 15, 67, 'pending', '2024-09-01 13:40:51', '2024-09-01 13:40:51'),
(664, 15, 4, 'pending', '2024-09-01 13:40:51', '2024-09-01 13:40:51'),
(665, 15, 57, 'pending', '2024-09-01 13:40:51', '2024-09-01 13:40:51'),
(666, 16, 29, 'pending', '2024-09-01 13:40:51', '2024-09-01 13:40:51'),
(667, 16, 19, 'pending', '2024-09-01 13:40:51', '2024-09-01 13:40:51'),
(668, 16, 66, 'pending', '2024-09-01 13:40:51', '2024-09-01 13:40:51'),
(669, 17, 49, 'pending', '2024-09-01 13:40:51', '2024-09-01 13:40:51'),
(670, 17, 3, 'pending', '2024-09-01 13:40:51', '2024-09-01 13:40:51'),
(671, 17, 62, 'pending', '2024-09-01 13:40:51', '2024-09-01 13:40:51'),
(672, 18, 44, 'pending', '2024-09-01 13:40:51', '2024-09-01 13:40:51'),
(673, 18, 58, 'pending', '2024-09-01 13:40:51', '2024-09-01 13:40:51'),
(674, 18, 8, 'pending', '2024-09-01 13:40:51', '2024-09-01 13:40:51'),
(675, 19, 10, 'pending', '2024-09-01 13:40:51', '2024-09-01 13:40:51'),
(676, 19, 16, 'pending', '2024-09-01 13:40:51', '2024-09-01 13:40:51'),
(677, 19, 32, 'pending', '2024-09-01 13:40:51', '2024-09-01 13:40:51'),
(678, 20, 37, 'pending', '2024-09-01 13:40:51', '2024-09-01 13:40:51'),
(679, 20, 49, 'pending', '2024-09-01 13:40:51', '2024-09-01 13:40:51'),
(680, 20, 3, 'pending', '2024-09-01 13:40:51', '2024-09-01 13:40:51'),
(681, 21, 66, 'pending', '2024-09-01 13:40:51', '2024-09-01 13:40:51'),
(682, 21, 69, 'pending', '2024-09-01 13:40:51', '2024-09-01 13:40:51'),
(683, 21, 12, 'pending', '2024-09-01 13:40:51', '2024-09-01 13:40:51'),
(684, 22, 25, 'pending', '2024-09-01 13:40:51', '2024-09-01 13:40:51'),
(685, 22, 53, 'pending', '2024-09-01 13:40:51', '2024-09-01 13:40:51'),
(686, 22, 23, 'pending', '2024-09-01 13:40:51', '2024-09-01 13:40:51'),
(687, 23, 44, 'pending', '2024-09-01 13:40:51', '2024-09-01 13:40:51'),
(688, 23, 61, 'pending', '2024-09-01 13:40:51', '2024-09-01 13:40:51'),
(689, 23, 35, 'pending', '2024-09-01 13:40:51', '2024-09-01 13:40:51'),
(690, 24, 43, 'pending', '2024-09-01 13:40:51', '2024-09-01 13:40:51'),
(691, 24, 19, 'pending', '2024-09-01 13:40:51', '2024-09-01 13:40:51'),
(692, 24, 2, 'pending', '2024-09-01 13:40:51', '2024-09-01 13:40:51'),
(693, 25, 32, 'pending', '2024-09-01 13:40:51', '2024-09-01 13:40:51'),
(694, 25, 44, 'pending', '2024-09-01 13:40:51', '2024-09-01 13:40:51'),
(695, 25, 4, 'pending', '2024-09-01 13:40:51', '2024-09-01 13:40:51'),
(696, 26, 49, 'pending', '2024-09-01 13:40:51', '2024-09-01 13:40:51'),
(697, 26, 50, 'pending', '2024-09-01 13:40:51', '2024-09-01 13:40:51'),
(698, 26, 51, 'pending', '2024-09-01 13:40:51', '2024-09-01 13:40:51'),
(699, 27, 60, 'pending', '2024-09-01 13:40:51', '2024-09-01 13:40:51'),
(700, 27, 16, 'pending', '2024-09-01 13:40:51', '2024-09-01 13:40:51'),
(701, 27, 1, 'pending', '2024-09-01 13:40:51', '2024-09-01 13:40:51'),
(702, 28, 1, 'pending', '2024-09-01 13:40:51', '2024-09-01 13:40:51'),
(703, 28, 13, 'pending', '2024-09-01 13:40:51', '2024-09-01 13:40:51'),
(704, 28, 52, 'pending', '2024-09-01 13:40:51', '2024-09-01 13:40:51'),
(705, 29, 57, 'pending', '2024-09-01 13:40:51', '2024-09-01 13:40:51'),
(706, 29, 25, 'pending', '2024-09-01 13:40:51', '2024-09-01 13:40:51'),
(707, 29, 2, 'pending', '2024-09-01 13:40:51', '2024-09-01 13:40:51'),
(708, 30, 18, 'pending', '2024-09-01 13:40:51', '2024-09-01 13:40:51'),
(709, 30, 60, 'pending', '2024-09-01 13:40:51', '2024-09-01 13:40:51'),
(710, 30, 56, 'pending', '2024-09-01 13:40:51', '2024-09-01 13:40:51'),
(711, 31, 1, 'pending', '2024-09-01 13:40:51', '2024-09-01 13:40:51'),
(712, 31, 56, 'pending', '2024-09-01 13:40:51', '2024-09-01 13:40:51'),
(713, 31, 10, 'pending', '2024-09-01 13:40:51', '2024-09-01 13:40:51'),
(714, 32, 51, 'pending', '2024-09-01 13:40:51', '2024-09-01 13:40:51'),
(715, 32, 31, 'pending', '2024-09-01 13:40:51', '2024-09-01 13:40:51'),
(716, 32, 9, 'pending', '2024-09-01 13:40:51', '2024-09-01 13:40:51'),
(717, 33, 6, 'pending', '2024-09-01 13:40:51', '2024-09-01 13:40:51'),
(718, 33, 69, 'pending', '2024-09-01 13:40:51', '2024-09-01 13:40:51'),
(719, 33, 5, 'pending', '2024-09-01 13:40:51', '2024-09-01 13:40:51');
INSERT INTO `connections` (`id`, `user_id`, `connected_user_id`, `status`, `created_at`, `updated_at`) VALUES
(720, 34, 42, 'pending', '2024-09-01 13:40:51', '2024-09-01 13:40:51'),
(721, 34, 30, 'pending', '2024-09-01 13:40:51', '2024-09-01 13:40:51'),
(722, 34, 15, 'pending', '2024-09-01 13:40:51', '2024-09-01 13:40:51'),
(723, 35, 19, 'pending', '2024-09-01 13:40:51', '2024-09-01 13:40:51'),
(724, 35, 11, 'pending', '2024-09-01 13:40:51', '2024-09-01 13:40:51'),
(725, 35, 29, 'pending', '2024-09-01 13:40:51', '2024-09-01 13:40:51'),
(726, 36, 62, 'pending', '2024-09-01 13:40:51', '2024-09-01 13:40:51'),
(727, 36, 58, 'pending', '2024-09-01 13:40:51', '2024-09-01 13:40:51'),
(728, 36, 30, 'pending', '2024-09-01 13:40:51', '2024-09-01 13:40:51'),
(729, 37, 48, 'pending', '2024-09-01 13:40:51', '2024-09-01 13:40:51'),
(730, 37, 38, 'pending', '2024-09-01 13:40:51', '2024-09-01 13:40:51'),
(731, 37, 65, 'pending', '2024-09-01 13:40:51', '2024-09-01 13:40:51'),
(732, 38, 37, 'pending', '2024-09-01 13:40:51', '2024-09-01 13:40:51'),
(733, 38, 69, 'pending', '2024-09-01 13:40:51', '2024-09-01 13:40:51'),
(734, 38, 33, 'pending', '2024-09-01 13:40:51', '2024-09-01 13:40:51'),
(735, 39, 41, 'pending', '2024-09-01 13:40:51', '2024-09-01 13:40:51'),
(736, 39, 65, 'pending', '2024-09-01 13:40:51', '2024-09-01 13:40:51'),
(737, 39, 24, 'pending', '2024-09-01 13:40:51', '2024-09-01 13:40:51'),
(738, 40, 60, 'pending', '2024-09-01 13:40:51', '2024-09-01 13:40:51'),
(739, 40, 18, 'pending', '2024-09-01 13:40:51', '2024-09-01 13:40:51'),
(740, 40, 19, 'pending', '2024-09-01 13:40:51', '2024-09-01 13:40:51'),
(741, 41, 30, 'pending', '2024-09-01 13:40:51', '2024-09-01 13:40:51'),
(742, 41, 39, 'pending', '2024-09-01 13:40:51', '2024-09-01 13:40:51'),
(743, 41, 12, 'pending', '2024-09-01 13:40:51', '2024-09-01 13:40:51'),
(744, 42, 26, 'pending', '2024-09-01 13:40:51', '2024-09-01 13:40:51'),
(745, 42, 43, 'pending', '2024-09-01 13:40:51', '2024-09-01 13:40:51'),
(746, 42, 53, 'pending', '2024-09-01 13:40:51', '2024-09-01 13:40:51'),
(747, 43, 37, 'pending', '2024-09-01 13:40:51', '2024-09-01 13:40:51'),
(748, 43, 40, 'pending', '2024-09-01 13:40:51', '2024-09-01 13:40:51'),
(749, 43, 47, 'pending', '2024-09-01 13:40:51', '2024-09-01 13:40:51'),
(750, 44, 46, 'pending', '2024-09-01 13:40:51', '2024-09-01 13:40:51'),
(751, 44, 39, 'pending', '2024-09-01 13:40:51', '2024-09-01 13:40:51'),
(752, 44, 20, 'pending', '2024-09-01 13:40:51', '2024-09-01 13:40:51'),
(753, 45, 56, 'pending', '2024-09-01 13:40:51', '2024-09-01 13:40:51'),
(754, 45, 59, 'pending', '2024-09-01 13:40:51', '2024-09-01 13:40:51'),
(755, 45, 36, 'pending', '2024-09-01 13:40:51', '2024-09-01 13:40:51'),
(756, 46, 64, 'pending', '2024-09-01 13:40:51', '2024-09-01 13:40:51'),
(757, 46, 17, 'pending', '2024-09-01 13:40:51', '2024-09-01 13:40:51'),
(758, 46, 42, 'pending', '2024-09-01 13:40:51', '2024-09-01 13:40:51'),
(759, 47, 16, 'pending', '2024-09-01 13:40:52', '2024-09-01 13:40:52'),
(760, 47, 31, 'pending', '2024-09-01 13:40:52', '2024-09-01 13:40:52'),
(761, 47, 19, 'pending', '2024-09-01 13:40:52', '2024-09-01 13:40:52'),
(762, 48, 65, 'pending', '2024-09-01 13:40:52', '2024-09-01 13:40:52'),
(763, 48, 23, 'pending', '2024-09-01 13:40:52', '2024-09-01 13:40:52'),
(764, 48, 38, 'pending', '2024-09-01 13:40:52', '2024-09-01 13:40:52'),
(765, 49, 30, 'pending', '2024-09-01 13:40:52', '2024-09-01 13:40:52'),
(766, 49, 19, 'pending', '2024-09-01 13:40:52', '2024-09-01 13:40:52'),
(767, 49, 41, 'pending', '2024-09-01 13:40:52', '2024-09-01 13:40:52'),
(768, 50, 29, 'pending', '2024-09-01 13:40:52', '2024-09-01 13:40:52'),
(769, 50, 20, 'pending', '2024-09-01 13:40:52', '2024-09-01 13:40:52'),
(770, 50, 55, 'pending', '2024-09-01 13:40:52', '2024-09-01 13:40:52'),
(771, 51, 68, 'pending', '2024-09-01 13:40:52', '2024-09-01 13:40:52'),
(772, 51, 52, 'pending', '2024-09-01 13:40:52', '2024-09-01 13:40:52'),
(773, 51, 46, 'pending', '2024-09-01 13:40:52', '2024-09-01 13:40:52'),
(774, 52, 15, 'pending', '2024-09-01 13:40:52', '2024-09-01 13:40:52'),
(775, 52, 9, 'pending', '2024-09-01 13:40:52', '2024-09-01 13:40:52'),
(776, 52, 56, 'pending', '2024-09-01 13:40:52', '2024-09-01 13:40:52'),
(777, 53, 62, 'pending', '2024-09-01 13:40:52', '2024-09-01 13:40:52'),
(778, 53, 44, 'pending', '2024-09-01 13:40:52', '2024-09-01 13:40:52'),
(779, 53, 36, 'pending', '2024-09-01 13:40:52', '2024-09-01 13:40:52'),
(780, 54, 25, 'pending', '2024-09-01 13:40:52', '2024-09-01 13:40:52'),
(781, 54, 3, 'pending', '2024-09-01 13:40:52', '2024-09-01 13:40:52'),
(782, 54, 44, 'pending', '2024-09-01 13:40:52', '2024-09-01 13:40:52'),
(783, 55, 26, 'pending', '2024-09-01 13:40:52', '2024-09-01 13:40:52'),
(784, 55, 65, 'pending', '2024-09-01 13:40:52', '2024-09-01 13:40:52'),
(785, 55, 15, 'pending', '2024-09-01 13:40:52', '2024-09-01 13:40:52'),
(786, 56, 2, 'pending', '2024-09-01 13:40:52', '2024-09-01 13:40:52'),
(787, 56, 62, 'pending', '2024-09-01 13:40:52', '2024-09-01 13:40:52'),
(788, 56, 7, 'pending', '2024-09-01 13:40:52', '2024-09-01 13:40:52'),
(789, 57, 32, 'pending', '2024-09-01 13:40:52', '2024-09-01 13:40:52'),
(790, 57, 63, 'pending', '2024-09-01 13:40:52', '2024-09-01 13:40:52'),
(791, 57, 8, 'pending', '2024-09-01 13:40:52', '2024-09-01 13:40:52'),
(792, 58, 1, 'pending', '2024-09-01 13:40:52', '2024-09-01 13:40:52'),
(793, 58, 56, 'pending', '2024-09-01 13:40:52', '2024-09-01 13:40:52'),
(794, 58, 18, 'pending', '2024-09-01 13:40:52', '2024-09-01 13:40:52'),
(795, 59, 20, 'pending', '2024-09-01 13:40:52', '2024-09-01 13:40:52'),
(796, 59, 45, 'pending', '2024-09-01 13:40:52', '2024-09-01 13:40:52'),
(797, 59, 41, 'pending', '2024-09-01 13:40:52', '2024-09-01 13:40:52'),
(798, 60, 56, 'pending', '2024-09-01 13:40:52', '2024-09-01 13:40:52'),
(799, 60, 31, 'pending', '2024-09-01 13:40:52', '2024-09-01 13:40:52'),
(800, 60, 14, 'pending', '2024-09-01 13:40:52', '2024-09-01 13:40:52'),
(801, 61, 25, 'pending', '2024-09-01 13:40:52', '2024-09-01 13:40:52'),
(802, 61, 68, 'pending', '2024-09-01 13:40:52', '2024-09-01 13:40:52'),
(803, 61, 46, 'pending', '2024-09-01 13:40:52', '2024-09-01 13:40:52'),
(804, 62, 6, 'pending', '2024-09-01 13:40:52', '2024-09-01 13:40:52'),
(805, 62, 55, 'pending', '2024-09-01 13:40:52', '2024-09-01 13:40:52'),
(806, 62, 13, 'pending', '2024-09-01 13:40:52', '2024-09-01 13:40:52'),
(807, 63, 43, 'pending', '2024-09-01 13:40:52', '2024-09-01 13:40:52'),
(808, 63, 71, 'pending', '2024-09-01 13:40:52', '2024-09-01 13:40:52'),
(809, 63, 23, 'pending', '2024-09-01 13:40:52', '2024-09-01 13:40:52'),
(810, 64, 69, 'pending', '2024-09-01 13:40:52', '2024-09-01 13:40:52'),
(811, 64, 29, 'pending', '2024-09-01 13:40:52', '2024-09-01 13:40:52'),
(812, 64, 43, 'pending', '2024-09-01 13:40:52', '2024-09-01 13:40:52'),
(813, 65, 60, 'pending', '2024-09-01 13:40:52', '2024-09-01 13:40:52'),
(814, 65, 9, 'pending', '2024-09-01 13:40:52', '2024-09-01 13:40:52'),
(815, 65, 20, 'pending', '2024-09-01 13:40:52', '2024-09-01 13:40:52'),
(816, 66, 15, 'pending', '2024-09-01 13:40:52', '2024-09-01 13:40:52'),
(817, 66, 7, 'pending', '2024-09-01 13:40:52', '2024-09-01 13:40:52'),
(818, 66, 26, 'pending', '2024-09-01 13:40:52', '2024-09-01 13:40:52'),
(819, 67, 30, 'pending', '2024-09-01 13:40:52', '2024-09-01 13:40:52'),
(820, 67, 29, 'pending', '2024-09-01 13:40:52', '2024-09-01 13:40:52'),
(821, 67, 62, 'pending', '2024-09-01 13:40:52', '2024-09-01 13:40:52'),
(822, 68, 3, 'pending', '2024-09-01 13:40:52', '2024-09-01 13:40:52'),
(823, 68, 58, 'pending', '2024-09-01 13:40:52', '2024-09-01 13:40:52'),
(824, 68, 25, 'pending', '2024-09-01 13:40:52', '2024-09-01 13:40:52'),
(825, 69, 40, 'pending', '2024-09-01 13:40:52', '2024-09-01 13:40:52'),
(826, 69, 17, 'pending', '2024-09-01 13:40:52', '2024-09-01 13:40:52'),
(827, 69, 66, 'pending', '2024-09-01 13:40:52', '2024-09-01 13:40:52'),
(828, 70, 60, 'pending', '2024-09-01 13:40:52', '2024-09-01 13:40:52'),
(829, 70, 12, 'pending', '2024-09-01 13:40:52', '2024-09-01 13:40:52'),
(830, 70, 66, 'pending', '2024-09-01 13:40:52', '2024-09-01 13:40:52'),
(831, 71, 6, 'pending', '2024-09-01 13:40:52', '2024-09-01 13:40:52'),
(832, 71, 19, 'pending', '2024-09-01 13:40:52', '2024-09-01 13:40:52'),
(833, 71, 43, 'pending', '2024-09-01 13:40:52', '2024-09-01 13:40:52'),
(834, 1, 19, 'accepted', '2024-09-01 13:40:52', '2024-09-01 13:40:52'),
(835, 1, 63, 'accepted', '2024-09-01 13:40:52', '2024-09-01 13:40:52'),
(836, 2, 29, 'accepted', '2024-09-01 13:40:52', '2024-09-01 13:40:52'),
(837, 2, 15, 'accepted', '2024-09-01 13:40:52', '2024-09-01 13:40:52'),
(838, 3, 64, 'accepted', '2024-09-01 13:40:52', '2024-09-01 13:40:52'),
(839, 3, 23, 'accepted', '2024-09-01 13:40:52', '2024-09-01 13:40:52'),
(840, 4, 71, 'accepted', '2024-09-01 13:40:52', '2024-09-01 13:40:52'),
(841, 4, 35, 'accepted', '2024-09-01 13:40:52', '2024-09-01 13:40:52'),
(842, 5, 54, 'accepted', '2024-09-01 13:40:52', '2024-09-01 13:40:52'),
(843, 5, 57, 'accepted', '2024-09-01 13:40:52', '2024-09-01 13:40:52'),
(844, 6, 32, 'accepted', '2024-09-01 13:40:52', '2024-09-01 13:40:52'),
(845, 6, 68, 'accepted', '2024-09-01 13:40:52', '2024-09-01 13:40:52'),
(846, 7, 12, 'accepted', '2024-09-01 13:40:52', '2024-09-01 13:40:52'),
(847, 7, 56, 'accepted', '2024-09-01 13:40:52', '2024-09-01 13:40:52'),
(848, 8, 48, 'accepted', '2024-09-01 13:40:52', '2024-09-01 13:40:52'),
(849, 8, 18, 'accepted', '2024-09-01 13:40:52', '2024-09-01 13:40:52'),
(850, 9, 61, 'accepted', '2024-09-01 13:40:52', '2024-09-01 13:40:52'),
(851, 9, 3, 'accepted', '2024-09-01 13:40:52', '2024-09-01 13:40:52'),
(852, 10, 63, 'accepted', '2024-09-01 13:40:52', '2024-09-01 13:40:52'),
(853, 10, 31, 'accepted', '2024-09-01 13:40:52', '2024-09-01 13:40:52'),
(854, 11, 2, 'accepted', '2024-09-01 13:40:52', '2024-09-01 13:40:52'),
(855, 11, 27, 'accepted', '2024-09-01 13:40:52', '2024-09-01 13:40:52'),
(856, 12, 11, 'accepted', '2024-09-01 13:40:52', '2024-09-01 13:40:52'),
(857, 12, 70, 'accepted', '2024-09-01 13:40:52', '2024-09-01 13:40:52'),
(858, 13, 10, 'accepted', '2024-09-01 13:40:52', '2024-09-01 13:40:52'),
(859, 13, 8, 'accepted', '2024-09-01 13:40:52', '2024-09-01 13:40:52'),
(860, 14, 46, 'accepted', '2024-09-01 13:40:52', '2024-09-01 13:40:52'),
(861, 14, 23, 'accepted', '2024-09-01 13:40:52', '2024-09-01 13:40:52'),
(862, 15, 12, 'accepted', '2024-09-01 13:40:52', '2024-09-01 13:40:52'),
(863, 15, 27, 'accepted', '2024-09-01 13:40:52', '2024-09-01 13:40:52'),
(864, 16, 58, 'accepted', '2024-09-01 13:40:52', '2024-09-01 13:40:52'),
(865, 16, 40, 'accepted', '2024-09-01 13:40:52', '2024-09-01 13:40:52'),
(866, 17, 3, 'accepted', '2024-09-01 13:40:52', '2024-09-01 13:40:52'),
(867, 17, 44, 'accepted', '2024-09-01 13:40:52', '2024-09-01 13:40:52'),
(868, 18, 19, 'accepted', '2024-09-01 13:40:52', '2024-09-01 13:40:52'),
(869, 18, 68, 'accepted', '2024-09-01 13:40:52', '2024-09-01 13:40:52'),
(870, 19, 43, 'accepted', '2024-09-01 13:40:52', '2024-09-01 13:40:52'),
(871, 19, 35, 'accepted', '2024-09-01 13:40:52', '2024-09-01 13:40:52'),
(872, 20, 46, 'accepted', '2024-09-01 13:40:52', '2024-09-01 13:40:52'),
(873, 20, 36, 'accepted', '2024-09-01 13:40:52', '2024-09-01 13:40:52'),
(874, 21, 4, 'accepted', '2024-09-01 13:40:52', '2024-09-01 13:40:52'),
(875, 21, 19, 'accepted', '2024-09-01 13:40:52', '2024-09-01 13:40:52'),
(876, 22, 20, 'accepted', '2024-09-01 13:40:52', '2024-09-01 13:40:52'),
(877, 22, 46, 'accepted', '2024-09-01 13:40:52', '2024-09-01 13:40:52'),
(878, 23, 67, 'accepted', '2024-09-01 13:40:52', '2024-09-01 13:40:52'),
(879, 23, 18, 'accepted', '2024-09-01 13:40:52', '2024-09-01 13:40:52'),
(880, 24, 58, 'accepted', '2024-09-01 13:40:52', '2024-09-01 13:40:52'),
(881, 24, 1, 'accepted', '2024-09-01 13:40:52', '2024-09-01 13:40:52'),
(882, 25, 8, 'accepted', '2024-09-01 13:40:52', '2024-09-01 13:40:52'),
(883, 25, 22, 'accepted', '2024-09-01 13:40:53', '2024-09-01 13:40:53'),
(884, 26, 21, 'accepted', '2024-09-01 13:40:53', '2024-09-01 13:40:53'),
(885, 26, 71, 'accepted', '2024-09-01 13:40:53', '2024-09-01 13:40:53'),
(886, 27, 20, 'accepted', '2024-09-01 13:40:53', '2024-09-01 13:40:53'),
(887, 27, 59, 'accepted', '2024-09-01 13:40:53', '2024-09-01 13:40:53'),
(888, 28, 37, 'accepted', '2024-09-01 13:40:53', '2024-09-01 13:40:53'),
(889, 28, 38, 'accepted', '2024-09-01 13:40:53', '2024-09-01 13:40:53'),
(890, 29, 22, 'accepted', '2024-09-01 13:40:53', '2024-09-01 13:40:53'),
(891, 29, 38, 'accepted', '2024-09-01 13:40:53', '2024-09-01 13:40:53'),
(892, 30, 52, 'accepted', '2024-09-01 13:40:53', '2024-09-01 13:40:53'),
(893, 30, 19, 'accepted', '2024-09-01 13:40:53', '2024-09-01 13:40:53'),
(894, 31, 4, 'accepted', '2024-09-01 13:40:53', '2024-09-01 13:40:53'),
(895, 31, 35, 'accepted', '2024-09-01 13:40:53', '2024-09-01 13:40:53'),
(896, 32, 50, 'accepted', '2024-09-01 13:40:53', '2024-09-01 13:40:53'),
(897, 32, 20, 'accepted', '2024-09-01 13:40:53', '2024-09-01 13:40:53'),
(898, 33, 58, 'accepted', '2024-09-01 13:40:53', '2024-09-01 13:40:53'),
(899, 33, 2, 'accepted', '2024-09-01 13:40:53', '2024-09-01 13:40:53'),
(900, 34, 48, 'accepted', '2024-09-01 13:40:53', '2024-09-01 13:40:53'),
(901, 34, 15, 'accepted', '2024-09-01 13:40:53', '2024-09-01 13:40:53'),
(902, 35, 30, 'accepted', '2024-09-01 13:40:53', '2024-09-01 13:40:53'),
(903, 35, 61, 'accepted', '2024-09-01 13:40:53', '2024-09-01 13:40:53'),
(904, 36, 29, 'accepted', '2024-09-01 13:40:53', '2024-09-01 13:40:53'),
(905, 36, 51, 'accepted', '2024-09-01 13:40:53', '2024-09-01 13:40:53'),
(906, 37, 2, 'accepted', '2024-09-01 13:40:53', '2024-09-01 13:40:53'),
(907, 37, 59, 'accepted', '2024-09-01 13:40:53', '2024-09-01 13:40:53'),
(908, 38, 65, 'accepted', '2024-09-01 13:40:53', '2024-09-01 13:40:53'),
(909, 38, 30, 'accepted', '2024-09-01 13:40:53', '2024-09-01 13:40:53'),
(910, 39, 8, 'accepted', '2024-09-01 13:40:53', '2024-09-01 13:40:53'),
(911, 39, 26, 'accepted', '2024-09-01 13:40:53', '2024-09-01 13:40:53'),
(912, 40, 63, 'accepted', '2024-09-01 13:40:53', '2024-09-01 13:40:53'),
(913, 40, 61, 'accepted', '2024-09-01 13:40:53', '2024-09-01 13:40:53'),
(914, 41, 47, 'accepted', '2024-09-01 13:40:53', '2024-09-01 13:40:53'),
(915, 41, 39, 'accepted', '2024-09-01 13:40:53', '2024-09-01 13:40:53'),
(916, 42, 4, 'accepted', '2024-09-01 13:40:53', '2024-09-01 13:40:53'),
(917, 42, 62, 'accepted', '2024-09-01 13:40:53', '2024-09-01 13:40:53'),
(918, 43, 46, 'accepted', '2024-09-01 13:40:53', '2024-09-01 13:40:53'),
(919, 43, 44, 'accepted', '2024-09-01 13:40:53', '2024-09-01 13:40:53'),
(920, 44, 35, 'accepted', '2024-09-01 13:40:53', '2024-09-01 13:40:53'),
(921, 44, 51, 'accepted', '2024-09-01 13:40:53', '2024-09-01 13:40:53'),
(922, 45, 69, 'accepted', '2024-09-01 13:40:53', '2024-09-01 13:40:53'),
(923, 45, 63, 'accepted', '2024-09-01 13:40:53', '2024-09-01 13:40:53'),
(924, 46, 50, 'accepted', '2024-09-01 13:40:53', '2024-09-01 13:40:53'),
(925, 46, 10, 'accepted', '2024-09-01 13:40:53', '2024-09-01 13:40:53'),
(926, 47, 46, 'accepted', '2024-09-01 13:40:53', '2024-09-01 13:40:53'),
(927, 47, 8, 'accepted', '2024-09-01 13:40:53', '2024-09-01 13:40:53'),
(928, 48, 56, 'accepted', '2024-09-01 13:40:53', '2024-09-01 13:40:53'),
(929, 48, 4, 'accepted', '2024-09-01 13:40:53', '2024-09-01 13:40:53'),
(930, 49, 18, 'accepted', '2024-09-01 13:40:53', '2024-09-01 13:40:53'),
(931, 49, 36, 'accepted', '2024-09-01 13:40:53', '2024-09-01 13:40:53'),
(932, 50, 6, 'accepted', '2024-09-01 13:40:53', '2024-09-01 13:40:53'),
(933, 50, 34, 'accepted', '2024-09-01 13:40:53', '2024-09-01 13:40:53'),
(934, 51, 67, 'accepted', '2024-09-01 13:40:53', '2024-09-01 13:40:53'),
(935, 51, 6, 'accepted', '2024-09-01 13:40:53', '2024-09-01 13:40:53'),
(936, 52, 37, 'accepted', '2024-09-01 13:40:53', '2024-09-01 13:40:53'),
(937, 52, 22, 'accepted', '2024-09-01 13:40:53', '2024-09-01 13:40:53'),
(938, 53, 25, 'accepted', '2024-09-01 13:40:53', '2024-09-01 13:40:53'),
(939, 53, 69, 'accepted', '2024-09-01 13:40:53', '2024-09-01 13:40:53'),
(940, 54, 36, 'accepted', '2024-09-01 13:40:53', '2024-09-01 13:40:53'),
(941, 54, 32, 'accepted', '2024-09-01 13:40:53', '2024-09-01 13:40:53'),
(942, 55, 8, 'accepted', '2024-09-01 13:40:53', '2024-09-01 13:40:53'),
(943, 55, 24, 'accepted', '2024-09-01 13:40:53', '2024-09-01 13:40:53'),
(944, 56, 69, 'accepted', '2024-09-01 13:40:53', '2024-09-01 13:40:53'),
(945, 56, 28, 'accepted', '2024-09-01 13:40:53', '2024-09-01 13:40:53'),
(946, 57, 54, 'accepted', '2024-09-01 13:40:53', '2024-09-01 13:40:53'),
(947, 57, 3, 'accepted', '2024-09-01 13:40:53', '2024-09-01 13:40:53'),
(948, 58, 34, 'accepted', '2024-09-01 13:40:53', '2024-09-01 13:40:53'),
(949, 58, 65, 'accepted', '2024-09-01 13:40:53', '2024-09-01 13:40:53'),
(950, 59, 18, 'accepted', '2024-09-01 13:40:53', '2024-09-01 13:40:53'),
(951, 59, 65, 'accepted', '2024-09-01 13:40:53', '2024-09-01 13:40:53'),
(952, 60, 28, 'accepted', '2024-09-01 13:40:53', '2024-09-01 13:40:53'),
(953, 60, 61, 'accepted', '2024-09-01 13:40:53', '2024-09-01 13:40:53'),
(954, 61, 34, 'accepted', '2024-09-01 13:40:53', '2024-09-01 13:40:53'),
(955, 61, 38, 'accepted', '2024-09-01 13:40:53', '2024-09-01 13:40:53'),
(956, 62, 22, 'accepted', '2024-09-01 13:40:53', '2024-09-01 13:40:53'),
(957, 62, 19, 'accepted', '2024-09-01 13:40:53', '2024-09-01 13:40:53'),
(958, 63, 39, 'accepted', '2024-09-01 13:40:53', '2024-09-01 13:40:53'),
(959, 63, 30, 'accepted', '2024-09-01 13:40:53', '2024-09-01 13:40:53'),
(960, 64, 47, 'accepted', '2024-09-01 13:40:53', '2024-09-01 13:40:53'),
(961, 64, 29, 'accepted', '2024-09-01 13:40:53', '2024-09-01 13:40:53'),
(962, 65, 63, 'accepted', '2024-09-01 13:40:53', '2024-09-01 13:40:53'),
(963, 65, 56, 'accepted', '2024-09-01 13:40:53', '2024-09-01 13:40:53'),
(964, 66, 53, 'accepted', '2024-09-01 13:40:53', '2024-09-01 13:40:53'),
(965, 66, 7, 'accepted', '2024-09-01 13:40:53', '2024-09-01 13:40:53'),
(966, 67, 36, 'accepted', '2024-09-01 13:40:53', '2024-09-01 13:40:53'),
(967, 67, 20, 'accepted', '2024-09-01 13:40:53', '2024-09-01 13:40:53'),
(968, 68, 26, 'accepted', '2024-09-01 13:40:53', '2024-09-01 13:40:53'),
(969, 68, 57, 'accepted', '2024-09-01 13:40:53', '2024-09-01 13:40:53'),
(970, 69, 22, 'accepted', '2024-09-01 13:40:53', '2024-09-01 13:40:53'),
(971, 69, 14, 'accepted', '2024-09-01 13:40:53', '2024-09-01 13:40:53'),
(972, 70, 37, 'accepted', '2024-09-01 13:40:53', '2024-09-01 13:40:53'),
(973, 70, 58, 'accepted', '2024-09-01 13:40:53', '2024-09-01 13:40:53'),
(974, 71, 38, 'accepted', '2024-09-01 13:40:53', '2024-09-01 13:40:53'),
(975, 71, 28, 'accepted', '2024-09-01 13:40:53', '2024-09-01 13:40:53'),
(976, 1, 17, 'pending', '2024-09-01 16:29:36', '2024-09-01 16:29:36'),
(977, 1, 18, 'pending', '2024-09-01 16:29:44', '2024-09-01 16:29:44');

-- --------------------------------------------------------

--
-- Table structure for table `failed_jobs`
--

CREATE TABLE `failed_jobs` (
  `id` bigint UNSIGNED NOT NULL,
  `uuid` varchar(255) COLLATE utf8mb4_unicode_ci NOT NULL,
  `connection` text COLLATE utf8mb4_unicode_ci NOT NULL,
  `queue` text COLLATE utf8mb4_unicode_ci NOT NULL,
  `payload` longtext COLLATE utf8mb4_unicode_ci NOT NULL,
  `exception` longtext COLLATE utf8mb4_unicode_ci NOT NULL,
  `failed_at` timestamp NOT NULL DEFAULT CURRENT_TIMESTAMP
) ENGINE=InnoDB DEFAULT CHARSET=utf8mb4 COLLATE=utf8mb4_unicode_ci;

-- --------------------------------------------------------

--
-- Table structure for table `migrations`
--

CREATE TABLE `migrations` (
  `id` int UNSIGNED NOT NULL,
  `migration` varchar(255) COLLATE utf8mb4_unicode_ci NOT NULL,
  `batch` int NOT NULL
) ENGINE=InnoDB DEFAULT CHARSET=utf8mb4 COLLATE=utf8mb4_unicode_ci;

--
-- Dumping data for table `migrations`
--

INSERT INTO `migrations` (`id`, `migration`, `batch`) VALUES
(1, '2014_10_12_000000_create_users_table', 1),
(2, '2014_10_12_100000_create_password_resets_table', 1),
(3, '2014_10_12_200000_add_two_factor_columns_to_users_table', 1),
(4, '2019_08_19_000000_create_failed_jobs_table', 1),
(5, '2019_12_14_000001_create_personal_access_tokens_table', 1),
(6, '2024_08_31_110914_create_connections_table', 2);

-- --------------------------------------------------------

--
-- Table structure for table `password_resets`
--

CREATE TABLE `password_resets` (
  `email` varchar(255) COLLATE utf8mb4_unicode_ci NOT NULL,
  `token` varchar(255) COLLATE utf8mb4_unicode_ci NOT NULL,
  `created_at` timestamp NULL DEFAULT NULL
) ENGINE=InnoDB DEFAULT CHARSET=utf8mb4 COLLATE=utf8mb4_unicode_ci;

-- --------------------------------------------------------

--
-- Table structure for table `personal_access_tokens`
--

CREATE TABLE `personal_access_tokens` (
  `id` bigint UNSIGNED NOT NULL,
  `tokenable_type` varchar(255) COLLATE utf8mb4_unicode_ci NOT NULL,
  `tokenable_id` bigint UNSIGNED NOT NULL,
  `name` varchar(255) COLLATE utf8mb4_unicode_ci NOT NULL,
  `token` varchar(64) COLLATE utf8mb4_unicode_ci NOT NULL,
  `abilities` text COLLATE utf8mb4_unicode_ci,
  `last_used_at` timestamp NULL DEFAULT NULL,
  `created_at` timestamp NULL DEFAULT NULL,
  `updated_at` timestamp NULL DEFAULT NULL
) ENGINE=InnoDB DEFAULT CHARSET=utf8mb4 COLLATE=utf8mb4_unicode_ci;

-- --------------------------------------------------------

--
-- Table structure for table `users`
--

CREATE TABLE `users` (
  `id` bigint UNSIGNED NOT NULL,
  `name` varchar(255) COLLATE utf8mb4_unicode_ci NOT NULL,
  `email` varchar(255) COLLATE utf8mb4_unicode_ci NOT NULL,
  `email_verified_at` timestamp NULL DEFAULT NULL,
  `password` varchar(255) COLLATE utf8mb4_unicode_ci NOT NULL,
  `two_factor_secret` text COLLATE utf8mb4_unicode_ci,
  `two_factor_recovery_codes` text COLLATE utf8mb4_unicode_ci,
  `two_factor_confirmed_at` timestamp NULL DEFAULT NULL,
  `remember_token` varchar(100) COLLATE utf8mb4_unicode_ci DEFAULT NULL,
  `created_at` timestamp NULL DEFAULT NULL,
  `updated_at` timestamp NULL DEFAULT NULL
) ENGINE=InnoDB DEFAULT CHARSET=utf8mb4 COLLATE=utf8mb4_unicode_ci;

--
-- Dumping data for table `users`
--

INSERT INTO `users` (`id`, `name`, `email`, `email_verified_at`, `password`, `two_factor_secret`, `two_factor_recovery_codes`, `two_factor_confirmed_at`, `remember_token`, `created_at`, `updated_at`) VALUES
(1, 'soban shahid', 'sobanshahid38@gmail.com', NULL, '$2y$10$6kR5DhjCwRCMMlspFnNwh.j4vMIP/qsHfiroOin3pIEjNTWs0DOi6', NULL, NULL, NULL, NULL, '2024-08-30 07:08:07', '2024-08-30 07:08:07'),
(2, 'Camren Braun', 'jgibson@example.net', '2024-08-31 14:53:43', '$2y$10$92IXUNpkjO0rOQ5byMi.Ye4oKoEa3Ro9llC/.og/at2.uheWG/igi', NULL, NULL, NULL, 'Tzri4mLhaP', '2024-08-31 14:53:44', '2024-08-31 14:53:44'),
(3, 'Miss Annabelle O\'Conner', 'bmann@example.org', '2024-08-31 14:53:43', '$2y$10$92IXUNpkjO0rOQ5byMi.Ye4oKoEa3Ro9llC/.og/at2.uheWG/igi', NULL, NULL, NULL, 'xBjrgyr4do', '2024-08-31 14:53:44', '2024-08-31 14:53:44'),
(4, 'Bette Orn', 'axel12@example.com', '2024-08-31 14:53:43', '$2y$10$92IXUNpkjO0rOQ5byMi.Ye4oKoEa3Ro9llC/.og/at2.uheWG/igi', NULL, NULL, NULL, 'jpr6jGRTDM', '2024-08-31 14:53:44', '2024-08-31 14:53:44'),
(5, 'Laurine Nitzsche', 'freda.veum@example.com', '2024-08-31 14:53:43', '$2y$10$92IXUNpkjO0rOQ5byMi.Ye4oKoEa3Ro9llC/.og/at2.uheWG/igi', NULL, NULL, NULL, 'MAL6CzyZts', '2024-08-31 14:53:44', '2024-08-31 14:53:44'),
(6, 'Aurelia Kuhn', 'aufderhar.mason@example.com', '2024-08-31 14:53:43', '$2y$10$92IXUNpkjO0rOQ5byMi.Ye4oKoEa3Ro9llC/.og/at2.uheWG/igi', NULL, NULL, NULL, 'NkCtFYDXK8', '2024-08-31 14:53:44', '2024-08-31 14:53:44'),
(7, 'Dr. Rebecca Tillman', 'gianni66@example.net', '2024-08-31 14:53:43', '$2y$10$92IXUNpkjO0rOQ5byMi.Ye4oKoEa3Ro9llC/.og/at2.uheWG/igi', NULL, NULL, NULL, 'gVlV9HpNqE', '2024-08-31 14:53:44', '2024-08-31 14:53:44'),
(8, 'Eugene Hyatt', 'kaleb49@example.net', '2024-08-31 14:53:43', '$2y$10$92IXUNpkjO0rOQ5byMi.Ye4oKoEa3Ro9llC/.og/at2.uheWG/igi', NULL, NULL, NULL, 'kZWZeE8eMZ', '2024-08-31 14:53:44', '2024-08-31 14:53:44'),
(9, 'Jarret Bradtke', 'devante83@example.net', '2024-08-31 14:53:43', '$2y$10$92IXUNpkjO0rOQ5byMi.Ye4oKoEa3Ro9llC/.og/at2.uheWG/igi', NULL, NULL, NULL, 'hb8YmhFZTr', '2024-08-31 14:53:44', '2024-08-31 14:53:44'),
(10, 'Name Will', 'jpollich@example.com', '2024-08-31 14:53:43', '$2y$10$92IXUNpkjO0rOQ5byMi.Ye4oKoEa3Ro9llC/.og/at2.uheWG/igi', NULL, NULL, NULL, 'PURdAqOojy', '2024-08-31 14:53:44', '2024-08-31 14:53:44'),
(11, 'Yoshiko Thiel', 'jadyn.ferry@example.org', '2024-08-31 14:53:43', '$2y$10$92IXUNpkjO0rOQ5byMi.Ye4oKoEa3Ro9llC/.og/at2.uheWG/igi', NULL, NULL, NULL, 'eP4m0YrFKR', '2024-08-31 14:53:44', '2024-08-31 14:53:44'),
(12, 'Dr. Maurine McCullough', 'nikita.kshlerin@example.net', '2024-08-31 14:57:15', '$2y$10$92IXUNpkjO0rOQ5byMi.Ye4oKoEa3Ro9llC/.og/at2.uheWG/igi', NULL, NULL, NULL, 'fjJmH6uOKo', '2024-08-31 14:57:15', '2024-08-31 14:57:15'),
(13, 'Prof. Syble Runolfsson', 'abraham91@example.org', '2024-08-31 14:57:15', '$2y$10$92IXUNpkjO0rOQ5byMi.Ye4oKoEa3Ro9llC/.og/at2.uheWG/igi', NULL, NULL, NULL, '72obac0paD', '2024-08-31 14:57:15', '2024-08-31 14:57:15'),
(14, 'Brandon Donnelly', 'andreane79@example.net', '2024-08-31 14:57:15', '$2y$10$92IXUNpkjO0rOQ5byMi.Ye4oKoEa3Ro9llC/.og/at2.uheWG/igi', NULL, NULL, NULL, '8Ct9lJPscw', '2024-08-31 14:57:15', '2024-08-31 14:57:15'),
(15, 'Aurelio Doyle', 'lindgren.keven@example.org', '2024-08-31 14:57:15', '$2y$10$92IXUNpkjO0rOQ5byMi.Ye4oKoEa3Ro9llC/.og/at2.uheWG/igi', NULL, NULL, NULL, 'dTdfrrzaQO', '2024-08-31 14:57:15', '2024-08-31 14:57:15'),
(16, 'Felipa Becker', 'mpfannerstill@example.net', '2024-08-31 14:57:15', '$2y$10$92IXUNpkjO0rOQ5byMi.Ye4oKoEa3Ro9llC/.og/at2.uheWG/igi', NULL, NULL, NULL, 'STcrMdggz8', '2024-08-31 14:57:15', '2024-08-31 14:57:15'),
(17, 'Dr. Kellie Abbott PhD', 'dawn.fadel@example.org', '2024-08-31 14:57:15', '$2y$10$92IXUNpkjO0rOQ5byMi.Ye4oKoEa3Ro9llC/.og/at2.uheWG/igi', NULL, NULL, NULL, 'vOp0F3Ig8B', '2024-08-31 14:57:15', '2024-08-31 14:57:15'),
(18, 'Prof. Bridie Gleason PhD', 'kerluke.tristian@example.org', '2024-08-31 14:57:15', '$2y$10$92IXUNpkjO0rOQ5byMi.Ye4oKoEa3Ro9llC/.og/at2.uheWG/igi', NULL, NULL, NULL, 'nRIuEFk7Kr', '2024-08-31 14:57:15', '2024-08-31 14:57:15'),
(19, 'Dr. Aliyah Morissette', 'adrienne60@example.com', '2024-08-31 14:57:15', '$2y$10$92IXUNpkjO0rOQ5byMi.Ye4oKoEa3Ro9llC/.og/at2.uheWG/igi', NULL, NULL, NULL, 'pSBBXR80p0', '2024-08-31 14:57:15', '2024-08-31 14:57:15'),
(20, 'Freeman McClure I', 'pwatsica@example.org', '2024-08-31 14:57:15', '$2y$10$92IXUNpkjO0rOQ5byMi.Ye4oKoEa3Ro9llC/.og/at2.uheWG/igi', NULL, NULL, NULL, '2ocKAC9Hsd', '2024-08-31 14:57:15', '2024-08-31 14:57:15'),
(21, 'Janis Ortiz', 'grimes.alexander@example.org', '2024-08-31 14:57:15', '$2y$10$92IXUNpkjO0rOQ5byMi.Ye4oKoEa3Ro9llC/.og/at2.uheWG/igi', NULL, NULL, NULL, 'xjM0HfeFQD', '2024-08-31 14:57:15', '2024-08-31 14:57:15'),
(22, 'Sally Rowe', 'dooley.julian@example.com', '2024-09-01 13:06:16', '$2y$10$92IXUNpkjO0rOQ5byMi.Ye4oKoEa3Ro9llC/.og/at2.uheWG/igi', NULL, NULL, NULL, 'IbtZTCtyqE', '2024-09-01 13:06:16', '2024-09-01 13:06:16'),
(23, 'Ms. Neoma Jerde', 'lynch.abby@example.net', '2024-09-01 13:06:16', '$2y$10$92IXUNpkjO0rOQ5byMi.Ye4oKoEa3Ro9llC/.og/at2.uheWG/igi', NULL, NULL, NULL, 's0NqgnrOOt', '2024-09-01 13:06:16', '2024-09-01 13:06:16'),
(24, 'Odell Conn', 'cruickshank.hildegard@example.org', '2024-09-01 13:06:16', '$2y$10$92IXUNpkjO0rOQ5byMi.Ye4oKoEa3Ro9llC/.og/at2.uheWG/igi', NULL, NULL, NULL, '2i2Bh2yCv4', '2024-09-01 13:06:16', '2024-09-01 13:06:16'),
(25, 'Christina Heaney', 'catherine51@example.org', '2024-09-01 13:06:16', '$2y$10$92IXUNpkjO0rOQ5byMi.Ye4oKoEa3Ro9llC/.og/at2.uheWG/igi', NULL, NULL, NULL, 'AIBpWHIGzg', '2024-09-01 13:06:16', '2024-09-01 13:06:16'),
(26, 'Miss Tamia Rutherford', 'flossie.kris@example.net', '2024-09-01 13:06:16', '$2y$10$92IXUNpkjO0rOQ5byMi.Ye4oKoEa3Ro9llC/.og/at2.uheWG/igi', NULL, NULL, NULL, 'rbj0FvOdEo', '2024-09-01 13:06:16', '2024-09-01 13:06:16'),
(27, 'Roderick Cormier', 'cydney.schulist@example.org', '2024-09-01 13:06:16', '$2y$10$92IXUNpkjO0rOQ5byMi.Ye4oKoEa3Ro9llC/.og/at2.uheWG/igi', NULL, NULL, NULL, 'MKDaPK5a8B', '2024-09-01 13:06:16', '2024-09-01 13:06:16'),
(28, 'Joel Gulgowski', 'julien61@example.com', '2024-09-01 13:06:16', '$2y$10$92IXUNpkjO0rOQ5byMi.Ye4oKoEa3Ro9llC/.og/at2.uheWG/igi', NULL, NULL, NULL, 'PtMa3dBFYJ', '2024-09-01 13:06:16', '2024-09-01 13:06:16'),
(29, 'Dr. Flavio Kozey Jr.', 'candace.russel@example.org', '2024-09-01 13:06:16', '$2y$10$92IXUNpkjO0rOQ5byMi.Ye4oKoEa3Ro9llC/.og/at2.uheWG/igi', NULL, NULL, NULL, 'XZXirWNqqu', '2024-09-01 13:06:16', '2024-09-01 13:06:16'),
(30, 'Berenice Strosin', 'vmurphy@example.org', '2024-09-01 13:06:16', '$2y$10$92IXUNpkjO0rOQ5byMi.Ye4oKoEa3Ro9llC/.og/at2.uheWG/igi', NULL, NULL, NULL, '6owCFFz7vK', '2024-09-01 13:06:17', '2024-09-01 13:06:17'),
(31, 'Maurine Hegmann', 'camille79@example.net', '2024-09-01 13:06:16', '$2y$10$92IXUNpkjO0rOQ5byMi.Ye4oKoEa3Ro9llC/.og/at2.uheWG/igi', NULL, NULL, NULL, 'GQsbjjwcNl', '2024-09-01 13:06:17', '2024-09-01 13:06:17'),
(32, 'Mozell Anderson', 'alexandre.botsford@example.net', '2024-09-01 13:12:07', '$2y$10$92IXUNpkjO0rOQ5byMi.Ye4oKoEa3Ro9llC/.og/at2.uheWG/igi', NULL, NULL, NULL, 'd1k9xJ7o5f', '2024-09-01 13:12:07', '2024-09-01 13:12:07'),
(33, 'Loy Dibbert', 'della.crona@example.com', '2024-09-01 13:12:07', '$2y$10$92IXUNpkjO0rOQ5byMi.Ye4oKoEa3Ro9llC/.og/at2.uheWG/igi', NULL, NULL, NULL, 'yUs4NG1eRa', '2024-09-01 13:12:07', '2024-09-01 13:12:07'),
(34, 'Adrain Crooks', 'fmetz@example.org', '2024-09-01 13:12:07', '$2y$10$92IXUNpkjO0rOQ5byMi.Ye4oKoEa3Ro9llC/.og/at2.uheWG/igi', NULL, NULL, NULL, 'rvDE0c4Trt', '2024-09-01 13:12:07', '2024-09-01 13:12:07'),
(35, 'Miss Belle Wyman', 'schroeder.lamont@example.com', '2024-09-01 13:12:07', '$2y$10$92IXUNpkjO0rOQ5byMi.Ye4oKoEa3Ro9llC/.og/at2.uheWG/igi', NULL, NULL, NULL, 'crWS4GsG2N', '2024-09-01 13:12:07', '2024-09-01 13:12:07'),
(36, 'Mr. Saige Murazik', 'bernser@example.org', '2024-09-01 13:12:07', '$2y$10$92IXUNpkjO0rOQ5byMi.Ye4oKoEa3Ro9llC/.og/at2.uheWG/igi', NULL, NULL, NULL, 'iffQBNcGHO', '2024-09-01 13:12:07', '2024-09-01 13:12:07'),
(37, 'Zoila McLaughlin', 'deckow.samantha@example.net', '2024-09-01 13:12:07', '$2y$10$92IXUNpkjO0rOQ5byMi.Ye4oKoEa3Ro9llC/.og/at2.uheWG/igi', NULL, NULL, NULL, 'AFCLQbFxQ2', '2024-09-01 13:12:07', '2024-09-01 13:12:07'),
(38, 'Jany Wisoky', 'keon.kshlerin@example.net', '2024-09-01 13:12:07', '$2y$10$92IXUNpkjO0rOQ5byMi.Ye4oKoEa3Ro9llC/.og/at2.uheWG/igi', NULL, NULL, NULL, 'mNRkD3wq98', '2024-09-01 13:12:07', '2024-09-01 13:12:07'),
(39, 'Samson Feil', 'fay.jaydon@example.com', '2024-09-01 13:12:07', '$2y$10$92IXUNpkjO0rOQ5byMi.Ye4oKoEa3Ro9llC/.og/at2.uheWG/igi', NULL, NULL, NULL, 'jGuSBsxSHN', '2024-09-01 13:12:07', '2024-09-01 13:12:07'),
(40, 'Prof. Jarod VonRueden', 'jeffry92@example.com', '2024-09-01 13:12:07', '$2y$10$92IXUNpkjO0rOQ5byMi.Ye4oKoEa3Ro9llC/.og/at2.uheWG/igi', NULL, NULL, NULL, 'X6Q4S7CBjI', '2024-09-01 13:12:07', '2024-09-01 13:12:07'),
(41, 'Dr. Olga Farrell DDS', 'turcotte.chaz@example.net', '2024-09-01 13:12:07', '$2y$10$92IXUNpkjO0rOQ5byMi.Ye4oKoEa3Ro9llC/.og/at2.uheWG/igi', NULL, NULL, NULL, '7RmF3EkuTN', '2024-09-01 13:12:07', '2024-09-01 13:12:07'),
(42, 'Nicholas Murazik', 'baron.olson@example.com', '2024-09-01 13:31:51', '$2y$10$92IXUNpkjO0rOQ5byMi.Ye4oKoEa3Ro9llC/.og/at2.uheWG/igi', NULL, NULL, NULL, 'KiNFW1hIj2', '2024-09-01 13:31:51', '2024-09-01 13:31:51'),
(43, 'Nathen Zboncak', 'yost.queen@example.org', '2024-09-01 13:31:51', '$2y$10$92IXUNpkjO0rOQ5byMi.Ye4oKoEa3Ro9llC/.og/at2.uheWG/igi', NULL, NULL, NULL, 'iNwq4hP2oO', '2024-09-01 13:31:51', '2024-09-01 13:31:51'),
(44, 'Giuseppe Kreiger', 'bertha.nitzsche@example.org', '2024-09-01 13:31:51', '$2y$10$92IXUNpkjO0rOQ5byMi.Ye4oKoEa3Ro9llC/.og/at2.uheWG/igi', NULL, NULL, NULL, 'NGfumar87r', '2024-09-01 13:31:51', '2024-09-01 13:31:51'),
(45, 'Betsy Pollich', 'rturner@example.org', '2024-09-01 13:31:51', '$2y$10$92IXUNpkjO0rOQ5byMi.Ye4oKoEa3Ro9llC/.og/at2.uheWG/igi', NULL, NULL, NULL, 'pyieEG7m4e', '2024-09-01 13:31:51', '2024-09-01 13:31:51'),
(46, 'Esteban Ebert', 'frami.jovani@example.com', '2024-09-01 13:31:51', '$2y$10$92IXUNpkjO0rOQ5byMi.Ye4oKoEa3Ro9llC/.og/at2.uheWG/igi', NULL, NULL, NULL, 'csgKGgv8yU', '2024-09-01 13:31:51', '2024-09-01 13:31:51'),
(47, 'Dr. Rosario Marquardt', 'angel42@example.org', '2024-09-01 13:31:51', '$2y$10$92IXUNpkjO0rOQ5byMi.Ye4oKoEa3Ro9llC/.og/at2.uheWG/igi', NULL, NULL, NULL, 'dcE2p12kPm', '2024-09-01 13:31:51', '2024-09-01 13:31:51'),
(48, 'Albina Prosacco', 'mayer.lavada@example.com', '2024-09-01 13:31:51', '$2y$10$92IXUNpkjO0rOQ5byMi.Ye4oKoEa3Ro9llC/.og/at2.uheWG/igi', NULL, NULL, NULL, 'HNmq78RkZY', '2024-09-01 13:31:51', '2024-09-01 13:31:51'),
(49, 'Dawson Wuckert PhD', 'rice.leta@example.com', '2024-09-01 13:31:51', '$2y$10$92IXUNpkjO0rOQ5byMi.Ye4oKoEa3Ro9llC/.og/at2.uheWG/igi', NULL, NULL, NULL, '3sg5b519th', '2024-09-01 13:31:51', '2024-09-01 13:31:51'),
(50, 'Marcelina O\'Kon', 'herman.jack@example.net', '2024-09-01 13:31:51', '$2y$10$92IXUNpkjO0rOQ5byMi.Ye4oKoEa3Ro9llC/.og/at2.uheWG/igi', NULL, NULL, NULL, 'rK5zzfBFxC', '2024-09-01 13:31:51', '2024-09-01 13:31:51'),
(51, 'Giovanny Larson', 'alek82@example.net', '2024-09-01 13:31:51', '$2y$10$92IXUNpkjO0rOQ5byMi.Ye4oKoEa3Ro9llC/.og/at2.uheWG/igi', NULL, NULL, NULL, 'KGQbSvsj7v', '2024-09-01 13:31:51', '2024-09-01 13:31:51'),
(52, 'Destiny Rempel', 'nico.monahan@example.net', '2024-09-01 13:34:33', '$2y$10$92IXUNpkjO0rOQ5byMi.Ye4oKoEa3Ro9llC/.og/at2.uheWG/igi', NULL, NULL, NULL, 'sN7U0uMcDG', '2024-09-01 13:34:33', '2024-09-01 13:34:33'),
(53, 'Pete Lesch', 'alexzander14@example.com', '2024-09-01 13:34:33', '$2y$10$92IXUNpkjO0rOQ5byMi.Ye4oKoEa3Ro9llC/.og/at2.uheWG/igi', NULL, NULL, NULL, 'PfDOq4NjDo', '2024-09-01 13:34:33', '2024-09-01 13:34:33'),
(54, 'Annalise Braun', 'dicki.fredy@example.com', '2024-09-01 13:34:33', '$2y$10$92IXUNpkjO0rOQ5byMi.Ye4oKoEa3Ro9llC/.og/at2.uheWG/igi', NULL, NULL, NULL, 'a2TlFZYHOp', '2024-09-01 13:34:33', '2024-09-01 13:34:33'),
(55, 'Jude Ritchie', 'meredith77@example.org', '2024-09-01 13:34:33', '$2y$10$92IXUNpkjO0rOQ5byMi.Ye4oKoEa3Ro9llC/.og/at2.uheWG/igi', NULL, NULL, NULL, 'r9PlYs9jiM', '2024-09-01 13:34:33', '2024-09-01 13:34:33'),
(56, 'Dr. Dion Barton V', 'cristobal17@example.net', '2024-09-01 13:34:33', '$2y$10$92IXUNpkjO0rOQ5byMi.Ye4oKoEa3Ro9llC/.og/at2.uheWG/igi', NULL, NULL, NULL, 'mSoTlNZ1I7', '2024-09-01 13:34:33', '2024-09-01 13:34:33'),
(57, 'Imelda Kub IV', 'adrien77@example.org', '2024-09-01 13:34:33', '$2y$10$92IXUNpkjO0rOQ5byMi.Ye4oKoEa3Ro9llC/.og/at2.uheWG/igi', NULL, NULL, NULL, 'lJforDt1m4', '2024-09-01 13:34:33', '2024-09-01 13:34:33'),
(58, 'Conner Leuschke', 'qkirlin@example.net', '2024-09-01 13:34:33', '$2y$10$92IXUNpkjO0rOQ5byMi.Ye4oKoEa3Ro9llC/.og/at2.uheWG/igi', NULL, NULL, NULL, 'AR1wNE8YhF', '2024-09-01 13:34:33', '2024-09-01 13:34:33'),
(59, 'Ms. Ethyl Gibson IV', 'dandre.dach@example.com', '2024-09-01 13:34:33', '$2y$10$92IXUNpkjO0rOQ5byMi.Ye4oKoEa3Ro9llC/.og/at2.uheWG/igi', NULL, NULL, NULL, '1Zua8QFlUV', '2024-09-01 13:34:33', '2024-09-01 13:34:33'),
(60, 'Edwina Gutmann IV', 'raymond22@example.com', '2024-09-01 13:34:33', '$2y$10$92IXUNpkjO0rOQ5byMi.Ye4oKoEa3Ro9llC/.og/at2.uheWG/igi', NULL, NULL, NULL, '0RweHFknKy', '2024-09-01 13:34:33', '2024-09-01 13:34:33'),
(61, 'Lacy Powlowski', 'homenick.haven@example.com', '2024-09-01 13:34:33', '$2y$10$92IXUNpkjO0rOQ5byMi.Ye4oKoEa3Ro9llC/.og/at2.uheWG/igi', NULL, NULL, NULL, 'htexF6AkYh', '2024-09-01 13:34:33', '2024-09-01 13:34:33'),
(62, 'Lois Mertz Jr.', 'kihn.adaline@example.net', '2024-09-01 13:40:50', '$2y$10$92IXUNpkjO0rOQ5byMi.Ye4oKoEa3Ro9llC/.og/at2.uheWG/igi', NULL, NULL, NULL, '5lxhCjPhit', '2024-09-01 13:40:50', '2024-09-01 13:40:50'),
(63, 'Mitchel Wuckert', 'alyson81@example.net', '2024-09-01 13:40:50', '$2y$10$92IXUNpkjO0rOQ5byMi.Ye4oKoEa3Ro9llC/.og/at2.uheWG/igi', NULL, NULL, NULL, 'hIk7Anr90k', '2024-09-01 13:40:50', '2024-09-01 13:40:50'),
(64, 'Precious Sanford MD', 'usteuber@example.net', '2024-09-01 13:40:50', '$2y$10$92IXUNpkjO0rOQ5byMi.Ye4oKoEa3Ro9llC/.og/at2.uheWG/igi', NULL, NULL, NULL, 'obJJ7miOVT', '2024-09-01 13:40:50', '2024-09-01 13:40:50'),
(65, 'Baylee Gerlach MD', 'dell29@example.net', '2024-09-01 13:40:50', '$2y$10$92IXUNpkjO0rOQ5byMi.Ye4oKoEa3Ro9llC/.og/at2.uheWG/igi', NULL, NULL, NULL, '6Jd0og0NRM', '2024-09-01 13:40:50', '2024-09-01 13:40:50'),
(66, 'Retha Johns', 'helen.zboncak@example.org', '2024-09-01 13:40:50', '$2y$10$92IXUNpkjO0rOQ5byMi.Ye4oKoEa3Ro9llC/.og/at2.uheWG/igi', NULL, NULL, NULL, 'pJemFbCaOw', '2024-09-01 13:40:50', '2024-09-01 13:40:50'),
(67, 'Ressie Runolfsson', 'anienow@example.net', '2024-09-01 13:40:50', '$2y$10$92IXUNpkjO0rOQ5byMi.Ye4oKoEa3Ro9llC/.og/at2.uheWG/igi', NULL, NULL, NULL, 'uSd4Gsazba', '2024-09-01 13:40:50', '2024-09-01 13:40:50'),
(68, 'Isabel Wuckert', 'tbailey@example.org', '2024-09-01 13:40:50', '$2y$10$92IXUNpkjO0rOQ5byMi.Ye4oKoEa3Ro9llC/.og/at2.uheWG/igi', NULL, NULL, NULL, 'Astr531hyb', '2024-09-01 13:40:50', '2024-09-01 13:40:50'),
(69, 'Jermey Casper DVM', 'remington24@example.net', '2024-09-01 13:40:50', '$2y$10$92IXUNpkjO0rOQ5byMi.Ye4oKoEa3Ro9llC/.og/at2.uheWG/igi', NULL, NULL, NULL, 'PqUtyz2dHP', '2024-09-01 13:40:50', '2024-09-01 13:40:50'),
(70, 'Aletha Emard', 'verna.reichert@example.org', '2024-09-01 13:40:50', '$2y$10$92IXUNpkjO0rOQ5byMi.Ye4oKoEa3Ro9llC/.og/at2.uheWG/igi', NULL, NULL, NULL, 'cxHIbdsPJJ', '2024-09-01 13:40:51', '2024-09-01 13:40:51'),
(71, 'Dr. Maurine O\'Connell I', 'bud71@example.com', '2024-09-01 13:40:50', '$2y$10$92IXUNpkjO0rOQ5byMi.Ye4oKoEa3Ro9llC/.og/at2.uheWG/igi', NULL, NULL, NULL, 'uvCha3NtlG', '2024-09-01 13:40:51', '2024-09-01 13:40:51');

--
-- Indexes for dumped tables
--

--
-- Indexes for table `connections`
--
ALTER TABLE `connections`
  ADD PRIMARY KEY (`id`),
  ADD KEY `connections_user_id_foreign` (`user_id`),
  ADD KEY `connections_connected_user_id_foreign` (`connected_user_id`);

--
-- Indexes for table `failed_jobs`
--
ALTER TABLE `failed_jobs`
  ADD PRIMARY KEY (`id`),
  ADD UNIQUE KEY `failed_jobs_uuid_unique` (`uuid`);

--
-- Indexes for table `migrations`
--
ALTER TABLE `migrations`
  ADD PRIMARY KEY (`id`);

--
-- Indexes for table `password_resets`
--
ALTER TABLE `password_resets`
  ADD KEY `password_resets_email_index` (`email`);

--
-- Indexes for table `personal_access_tokens`
--
ALTER TABLE `personal_access_tokens`
  ADD PRIMARY KEY (`id`),
  ADD UNIQUE KEY `personal_access_tokens_token_unique` (`token`),
  ADD KEY `personal_access_tokens_tokenable_type_tokenable_id_index` (`tokenable_type`,`tokenable_id`);

--
-- Indexes for table `users`
--
ALTER TABLE `users`
  ADD PRIMARY KEY (`id`),
  ADD UNIQUE KEY `users_email_unique` (`email`);

--
-- AUTO_INCREMENT for dumped tables
--

--
-- AUTO_INCREMENT for table `connections`
--
ALTER TABLE `connections`
  MODIFY `id` bigint UNSIGNED NOT NULL AUTO_INCREMENT, AUTO_INCREMENT=978;

--
-- AUTO_INCREMENT for table `failed_jobs`
--
ALTER TABLE `failed_jobs`
  MODIFY `id` bigint UNSIGNED NOT NULL AUTO_INCREMENT;

--
-- AUTO_INCREMENT for table `migrations`
--
ALTER TABLE `migrations`
  MODIFY `id` int UNSIGNED NOT NULL AUTO_INCREMENT, AUTO_INCREMENT=7;

--
-- AUTO_INCREMENT for table `personal_access_tokens`
--
ALTER TABLE `personal_access_tokens`
  MODIFY `id` bigint UNSIGNED NOT NULL AUTO_INCREMENT;

--
-- AUTO_INCREMENT for table `users`
--
ALTER TABLE `users`
  MODIFY `id` bigint UNSIGNED NOT NULL AUTO_INCREMENT, AUTO_INCREMENT=72;

--
-- Constraints for dumped tables
--

--
-- Constraints for table `connections`
--
ALTER TABLE `connections`
  ADD CONSTRAINT `connections_connected_user_id_foreign` FOREIGN KEY (`connected_user_id`) REFERENCES `users` (`id`) ON DELETE CASCADE,
  ADD CONSTRAINT `connections_user_id_foreign` FOREIGN KEY (`user_id`) REFERENCES `users` (`id`) ON DELETE CASCADE;
COMMIT;

/*!40101 SET CHARACTER_SET_CLIENT=@OLD_CHARACTER_SET_CLIENT */;
/*!40101 SET CHARACTER_SET_RESULTS=@OLD_CHARACTER_SET_RESULTS */;
/*!40101 SET COLLATION_CONNECTION=@OLD_COLLATION_CONNECTION */;
